item_id,order_id,product_id,quantity,unit_price,discount_amount,tax_amount,updated_at,_ingest_timestamp,_source_file,_source_system,_batch_id
ITM-000001,ORD-00001,PROD-0028,2,532.55,77.75,78.99,2024-01-29 05:00:00,2026-08-13T19:21:33.493+05:30,order_items.csv,ERP,batch_01
ITM-000002,ORD-00001,PROD-0059,2,65.98,10.98,9.68,2024-01-29 05:00:00,2026-08-13T19:21:33.493+05:30,order_items.csv,ERP,batch_01
ITM-000003,ORD-00001,PROD-0009,2,206.06,19.45,31.41,2024-01-29 05:00:00,2026-08-13T19:21:33.493+05:30,order_items.csv,ERP,batch_01
ITM-000004,ORD-00001,PROD-0004,3,787.13,337.15,161.94,2024-01-29 05:00:00,2026-08-13T19:21:33.493+05:30,order_items.csv,ERP,batch_01
ITM-000005,ORD-00002,PROD-0027,4,310.4,91.02,92.05,2024-02-07 02:00:00,2026-08-13T19:21:33.493+05:30,order_items.csv,ERP,batch_01
ITM-000006,ORD-00002,PROD-0006,5,107.73,2.49,42.89,2024-02-07 02:00:00,2026-08-13T19:21:33.493+05:30,order_items.csv,ERP,batch_01
ITM-000007,ORD-00002,PROD-0049,2,269.98,23.66,41.3,2024-02-07 02:00:00,2026-08-13T19:21:33.493+05:30,order_items.csv,ERP,batch_01
ITM-000008,ORD-00002,PROD-0018,2,328.3,52.95,48.29,2024-02-07 02:00:00,2026-08-13T19:21:33.493+05:30,order_items.csv,ERP,batch_01
ITM-000009,ORD-00003,PROD-0037,1,603.32,24.24,46.33,2024-02-08 09:00:00,2026-08-13T19:21:33.493+05:30,order_items.csv,ERP,batch_01
ITM-000010,ORD-00004,PROD-0028,1,532.55,58.79,37.9,2024-02-05 11:00:00,2026-08-13T19:21:33.493+05:30,order_items.csv,ERP,batch_01
ITM-000011,ORD-00004,PROD-0042,2,355.95,31.79,54.41,2024-02-05 11:00:00,2026-08-13T19:21:33.493+05:30,order_items.csv,ERP,batch_01
ITM-000012,ORD-00005,PROD-0050,2,165.94,10.45,25.71,2024-01-18 21:00:00,2026-08-13T19:21:33.493+05:30,order_items.csv,ERP,batch_01
ITM-000013,ORD-00006,PROD-0040,2,605.15,142.49,85.42,2024-01-25 08:00:00,2026-08-13T19:21:33.493+05:30,order_items.csv,ERP,batch_01
ITM-000014,ORD-00006,PROD-0037,3,603.32,144.51,133.24,2024-01-25 08:00:00,2026-08-13T19:21:33.493+05:30,order_items.csv,ERP,batch_01
ITM-000015,ORD-00007,PROD-0009,4,206.06,113.59,56.85,2024-01-21 04:00:00,2026-08-13T19:21:33.493+05:30,order_items.csv,ERP,batch_01
ITM-000016,ORD-00008,PROD-0049,4,269.98,79.29,80.05,2024-01-10 17:00:00,2026-08-13T19:21:33.493+05:30,order_items.csv,ERP,batch_01
ITM-000017,ORD-00008,PROD-0018,4,328.3,73.9,99.14,2024-01-10 17:00:00,2026-08-13T19:21:33.493+05:30,order_items.csv,ERP,batch_01
ITM-000018,ORD-00009,PROD-0056,1,480.47,52.68,34.22,2024-01-26 00:00:00,2026-08-13T19:21:33.493+05:30,order_items.csv,ERP,batch_01
ITM-000019,ORD-00010,PROD-0053,2,573.78,85.16,84.99,2024-01-07 03:00:00,2026-08-13T19:21:33.493+05:30,order_items.csv,ERP,batch_01
ITM-000020,ORD-00010,PROD-0021,3,704.47,107.07,160.51,2024-01-07 03:00:00,2026-08-13T19:21:33.493+05:30,order_items.csv,ERP,batch_01
ITM-000021,ORD-00010,PROD-0037,2,603.32,102.47,88.33,2024-01-07 03:00:00,2026-08-13T19:21:33.493+05:30,order_items.csv,ERP,batch_01
ITM-000022,ORD-00010,PROD-0032,3,56.77,22.84,11.8,2024-01-07 03:00:00,2026-08-13T19:21:33.493+05:30,order_items.csv,ERP,batch_01
ITM-000023,ORD-00011,PROD-0060,2,209.1,27.68,31.24,2024-01-04 13:00:00,2026-08-13T19:21:33.493+05:30,order_items.csv,ERP,batch_01
ITM-000024,ORD-00012,PROD-0056,3,480.47,20.18,113.7,2024-01-15 08:00:00,2026-08-13T19:21:33.493+05:30,order_items.csv,ERP,batch_01
ITM-000025,ORD-00012,PROD-0006,3,107.73,32.21,23.28,2024-01-15 08:00:00,2026-08-13T19:21:33.493+05:30,order_items.csv,ERP,batch_01
ITM-000026,ORD-00013,PROD-0046,1,168.98,0.03,13.52,2024-01-22 09:00:00,2026-08-13T19:21:33.493+05:30,order_items.csv,ERP,batch_01
ITM-000027,ORD-00014,PROD-0045,3,443.87,163.21,93.47,2024-01-17 02:00:00,2026-08-13T19:21:33.493+05:30,order_items.csv,ERP,batch_01
ITM-000028,ORD-00015,PROD-0047,1,504.71,7.81,39.75,2024-02-01 12:00:00,2026-08-13T19:21:33.493+05:30,order_items.csv,ERP,batch_01
ITM-000029,ORD-00016,PROD-0040,2,605.15,79.9,90.43,2024-01-26 14:00:00,2026-08-13T19:21:33.493+05:30,order_items.csv,ERP,batch_01
ITM-000030,ORD-00017,PROD-0058,1,490.64,10.3,38.43,2024-01-29 05:00:00,2026-08-13T19:21:33.493+05:30,order_items.csv,ERP,batch_01
ITM-000031,ORD-00018,PROD-0016,3,666.37,193.3,144.46,2024-01-26 21:00:00,2026-08-13T19:21:33.493+05:30,order_items.csv,ERP,batch_01
ITM-000032,ORD-00018,PROD-0016,5,666.37,300.37,242.52,2024-01-26 21:00:00,2026-08-13T19:21:33.493+05:30,order_items.csv,ERP,batch_01
ITM-000033,ORD-00019,PROD-0034,5,266.5,101.84,98.45,2024-01-21 08:00:00,2026-08-13T19:21:33.493+05:30,order_items.csv,ERP,batch_01
ITM-000034,ORD-00019,PROD-0048,4,273.24,48.45,83.56,2024-01-21 08:00:00,2026-08-13T19:21:33.493+05:30,order_items.csv,ERP,batch_01
ITM-000035,ORD-00020,PROD-0041,5,308.67,16.44,122.15,2024-02-02 22:00:00,2026-08-13T19:21:33.493+05:30,order_items.csv,ERP,batch_01
ITM-000036,ORD-00020,PROD-0057,1,666.33,98.64,45.42,2024-02-02 22:00:00,2026-08-13T19:21:33.493+05:30,order_items.csv,ERP,batch_01
ITM-000037,ORD-00020,PROD-0060,3,209.1,12.42,49.19,2024-02-02 22:00:00,2026-08-13T19:21:33.493+05:30,order_items.csv,ERP,batch_01
ITM-000038,ORD-00020,PROD-0056,5,480.47,151.66,180.06,2024-02-02 22:00:00,2026-08-13T19:21:33.493+05:30,order_items.csv,ERP,batch_01
ITM-000039,ORD-00021,PROD-0001,3,32.3,3.14,7.5,2024-02-01 12:00:00,2026-08-13T19:21:33.493+05:30,order_items.csv,ERP,batch_01
ITM-000040,ORD-00022,PROD-0045,4,443.87,21.95,140.28,2024-02-03 19:00:00,2026-08-13T19:21:33.493+05:30,order_items.csv,ERP,batch_01
ITM-000041,ORD-00022,PROD-0018,1,328.3,15.26,25.04,2024-02-03 19:00:00,2026-08-13T19:21:33.493+05:30,order_items.csv,ERP,batch_01
ITM-000042,ORD-00022,PROD-0052,2,502.79,80.91,73.97,2024-02-03 19:00:00,2026-08-13T19:21:33.493+05:30,order_items.csv,ERP,batch_01
ITM-000043,ORD-00022,PROD-0020,4,446.28,195.46,127.17,2024-02-03 19:00:00,2026-08-13T19:21:33.493+05:30,order_items.csv,ERP,batch_01
ITM-000044,ORD-00023,PROD-0020,2,446.28,15.99,70.13,2024-01-29 13:00:00,2026-08-13T19:21:33.493+05:30,order_items.csv,ERP,batch_01
ITM-000045,ORD-00024,PROD-0011,3,664.57,37.96,156.46,2024-01-02 15:00:00,2026-08-13T19:21:33.493+05:30,order_items.csv,ERP,batch_01
ITM-000046,ORD-00024,PROD-0050,3,165.94,54.73,35.45,2024-01-02 15:00:00,2026-08-13T19:21:33.493+05:30,order_items.csv,ERP,batch_01
ITM-000047,ORD-00024,PROD-0008,1,308.14,15.48,23.41,2024-01-02 15:00:00,2026-08-13T19:21:33.493+05:30,order_items.csv,ERP,batch_01
ITM-000048,ORD-00025,PROD-0032,4,56.77,17.4,16.77,2024-02-04 12:00:00,2026-08-13T19:21:33.493+05:30,order_items.csv,ERP,batch_01
ITM-000049,ORD-00026,PROD-0050,1,165.94,22.26,11.49,2024-02-07 15:00:00,2026-08-13T19:21:33.493+05:30,order_items.csv,ERP,batch_01
ITM-000050,ORD-00026,PROD-0044,1,113.49,3.89,8.77,2024-02-07 15:00:00,2026-08-13T19:21:33.493+05:30,order_items.csv,ERP,batch_01
ITM-000051,ORD-00026,PROD-0033,1,339.92,2.25,27.01,2024-02-07 15:00:00,2026-08-13T19:21:33.493+05:30,order_items.csv,ERP,batch_01
ITM-000052,ORD-00027,PROD-0012,1,564.68,46.83,41.43,2024-01-05 01:00:00,2026-08-13T19:21:33.493+05:30,order_items.csv,ERP,batch_01
ITM-000053,ORD-00027,PROD-0059,4,65.98,8.89,20.4,2024-01-05 01:00:00,2026-08-13T19:21:33.493+05:30,order_items.csv,ERP,batch_01
ITM-000054,ORD-00028,PROD-0008,5,308.14,155.61,110.81,2024-01-22 18:00:00,2026-08-13T19:21:33.493+05:30,order_items.csv,ERP,batch_01
ITM-000055,ORD-00028,PROD-0004,2,787.13,52.7,121.72,2024-01-22 18:00:00,2026-08-13T19:21:33.493+05:30,order_items.csv,ERP,batch_01
ITM-000056,ORD-00028,PROD-0034,1,266.5,38.14,18.27,2024-01-22 18:00:00,2026-08-13T19:21:33.493+05:30,order_items.csv,ERP,batch_01
ITM-000057,ORD-00029,PROD-0001,3,32.3,2.92,7.52,2024-01-20 19:00:00,2026-08-13T19:21:33.493+05:30,order_items.csv,ERP,batch_01
ITM-000058,ORD-00029,PROD-0037,3,603.32,200.79,128.73,2024-01-20 19:00:00,2026-08-13T19:21:33.493+05:30,order_items.csv,ERP,batch_01
ITM-000059,ORD-00029,PROD-0016,4,666.37,147.24,201.46,2024-01-20 19:00:00,2026-08-13T19:21:33.493+05:30,order_items.csv,ERP,batch_01
ITM-000060,ORD-00029,PROD-0032,2,56.77,12.47,8.09,2024-01-20 19:00:00,2026-08-13T19:21:33.493+05:30,order_items.csv,ERP,batch_01
ITM-000061,ORD-00030,PROD-0035,3,393.28,112.55,85.38,2024-01-11 10:00:00,2026-08-13T19:21:33.493+05:30,order_items.csv,ERP,batch_01
ITM-000062,ORD-00030,PROD-0045,1,443.87,63.32,30.44,2024-01-11 10:00:00,2026-08-13T19:21:33.493+05:30,order_items.csv,ERP,batch_01
ITM-000063,ORD-00031,PROD-0027,4,310.4,179.01,85.01,2024-01-21 13:00:00,2026-08-13T19:21:33.493+05:30,order_items.csv,ERP,batch_01
ITM-000064,ORD-00031,PROD-0010,3,133.78,5.6,31.66,2024-01-21 13:00:00,2026-08-13T19:21:33.493+05:30,order_items.csv,ERP,batch_01
ITM-000065,ORD-00032,PROD-0033,2,339.92,64.98,49.19,2024-01-26 00:00:00,2026-08-13T19:21:33.493+05:30,order_items.csv,ERP,batch_01
ITM-000066,ORD-00033,PROD-0016,3,666.37,78.26,153.67,2024-02-09 04:00:00,2026-08-13T19:21:33.493+05:30,order_items.csv,ERP,batch_01
ITM-000067,ORD-00033,PROD-0021,4,704.47,296.18,201.74,2024-02-09 04:00:00,2026-08-13T19:21:33.493+05:30,order_items.csv,ERP,batch_01
ITM-000068,ORD-00034,PROD-0013,2,702.72,164.42,99.28,2024-01-23 00:00:00,2026-08-13T19:21:33.493+05:30,order_items.csv,ERP,batch_01
ITM-000069,ORD-00035,PROD-0021,4,704.47,51.03,221.35,2024-01-11 13:00:00,2026-08-13T19:21:33.493+05:30,order_items.csv,ERP,batch_01
ITM-000070,ORD-00035,PROD-0050,2,165.94,22.5,24.75,2024-01-11 13:00:00,2026-08-13T19:21:33.493+05:30,order_items.csv,ERP,batch_01
ITM-000071,ORD-00035,PROD-0055,1,425.29,5.77,33.56,2024-01-11 13:00:00,2026-08-13T19:21:33.493+05:30,order_items.csv,ERP,batch_01
ITM-000072,ORD-00035,PROD-0020,5,446.28,13.5,177.43,2024-01-11 13:00:00,2026-08-13T19:21:33.493+05:30,order_items.csv,ERP,batch_01
ITM-000073,ORD-00036,PROD-0033,1,339.92,34.53,24.43,2024-01-08 08:00:00,2026-08-13T19:21:33.493+05:30,order_items.csv,ERP,batch_01
ITM-000074,ORD-00036,PROD-0012,1,564.68,80.64,38.72,2024-01-08 08:00:00,2026-08-13T19:21:33.493+05:30,order_items.csv,ERP,batch_01
ITM-000075,ORD-00036,PROD-0036,5,428.31,80.26,164.9,2024-01-08 08:00:00,2026-08-13T19:21:33.493+05:30,order_items.csv,ERP,batch_01
ITM-000076,ORD-00036,PROD-0052,2,502.79,18.32,78.98,2024-01-08 08:00:00,2026-08-13T19:21:33.493+05:30,order_items.csv,ERP,batch_01
ITM-000077,ORD-00037,PROD-0059,1,65.98,0.22,5.26,2024-01-26 07:00:00,2026-08-13T19:21:33.493+05:30,order_items.csv,ERP,batch_01
ITM-000078,ORD-00037,PROD-0005,2,377.85,102.3,52.27,2024-01-26 07:00:00,2026-08-13T19:21:33.493+05:30,order_items.csv,ERP,batch_01
ITM-000079,ORD-00037,PROD-0029,2,323.43,8.92,51.04,2024-01-26 07:00:00,2026-08-13T19:21:33.493+05:30,order_items.csv,ERP,batch_01
ITM-000080,ORD-00038,PROD-0053,4,573.78,170.8,169.95,2024-01-05 00:00:00,2026-08-13T19:21:33.493+05:30,order_items.csv,ERP,batch_01
ITM-000081,ORD-00038,PROD-0025,4,542.08,56.21,168.97,2024-01-05 00:00:00,2026-08-13T19:21:33.493+05:30,order_items.csv,ERP,batch_01
ITM-000082,ORD-00038,PROD-0014,2,106.8,8.81,16.38,2024-01-05 00:00:00,2026-08-13T19:21:33.493+05:30,order_items.csv,ERP,batch_01
ITM-000083,ORD-00038,PROD-0029,2,323.43,3.36,51.48,2024-01-05 00:00:00,2026-08-13T19:21:33.493+05:30,order_items.csv,ERP,batch_01
ITM-000084,ORD-00039,PROD-0057,5,666.33,239.39,247.38,2024-01-18 06:00:00,2026-08-13T19:21:33.493+05:30,order_items.csv,ERP,batch_01
ITM-000085,ORD-00039,PROD-0006,3,107.73,18.57,24.37,2024-01-18 06:00:00,2026-08-13T19:21:33.493+05:30,order_items.csv,ERP,batch_01
ITM-000086,ORD-00039,PROD-0027,2,310.4,59.84,44.88,2024-01-18 06:00:00,2026-08-13T19:21:33.493+05:30,order_items.csv,ERP,batch_01
ITM-000087,ORD-00039,PROD-0052,5,502.79,93.95,193.6,2024-01-18 06:00:00,2026-08-13T19:21:33.493+05:30,order_items.csv,ERP,batch_01
ITM-000088,ORD-00040,PROD-0023,5,689.9,259.95,255.16,2024-01-27 08:00:00,2026-08-13T19:21:33.493+05:30,order_items.csv,ERP,batch_01
ITM-000089,ORD-00040,PROD-0025,3,542.08,43.86,126.59,2024-01-27 08:00:00,2026-08-13T19:21:33.493+05:30,order_items.csv,ERP,batch_01
ITM-000090,ORD-00040,PROD-0021,5,704.47,115.72,272.53,2024-01-27 08:00:00,2026-08-13T19:21:33.493+05:30,order_items.csv,ERP,batch_01
ITM-000091,ORD-00040,PROD-0058,3,490.64,12.94,116.72,2024-01-27 08:00:00,2026-08-13T19:21:33.493+05:30,order_items.csv,ERP,batch_01
ITM-000092,ORD-00041,PROD-0016,2,666.37,53.28,102.36,2024-01-25 04:00:00,2026-08-13T19:21:33.493+05:30,order_items.csv,ERP,batch_01
ITM-000093,ORD-00042,PROD-0012,2,564.68,100.38,82.32,2024-01-17 04:00:00,2026-08-13T19:21:33.493+05:30,order_items.csv,ERP,batch_01
ITM-000094,ORD-00042,PROD-0052,3,502.79,206.79,104.13,2024-01-17 04:00:00,2026-08-13T19:21:33.493+05:30,order_items.csv,ERP,batch_01
ITM-000095,ORD-00043,PROD-0054,4,317.91,103.41,93.46,2024-02-08 04:00:00,2026-08-13T19:21:33.493+05:30,order_items.csv,ERP,batch_01
ITM-000096,ORD-00043,PROD-0003,1,219.21,1.85,17.39,2024-02-08 04:00:00,2026-08-13T19:21:33.493+05:30,order_items.csv,ERP,batch_01
ITM-000097,ORD-00044,PROD-0052,2,502.79,51.4,76.33,2024-02-01 10:00:00,2026-08-13T19:21:33.493+05:30,order_items.csv,ERP,batch_01
ITM-000098,ORD-00044,PROD-0012,3,564.68,15.13,134.31,2024-02-01 10:00:00,2026-08-13T19:21:33.493+05:30,order_items.csv,ERP,batch_01
ITM-000099,ORD-00045,PROD-0024,4,402.36,141.47,117.44,2024-01-11 13:00:00,2026-08-13T19:21:33.493+05:30,order_items.csv,ERP,batch_01
ITM-000100,ORD-00046,PROD-0012,5,564.68,293.73,202.37,2024-01-13 09:00:00,2026-08-13T19:21:33.493+05:30,order_items.csv,ERP,batch_01
ITM-000101,ORD-00046,PROD-0060,5,209.1,123.42,73.77,2024-01-13 09:00:00,2026-08-13T19:21:33.493+05:30,order_items.csv,ERP,batch_01
ITM-000102,ORD-00046,PROD-0015,5,150.54,91.96,52.86,2024-01-13 09:00:00,2026-08-13T19:21:33.493+05:30,order_items.csv,ERP,batch_01
ITM-000103,ORD-00047,PROD-0055,5,425.29,10.33,169.29,2024-01-20 14:00:00,2026-08-13T19:21:33.493+05:30,order_items.csv,ERP,batch_01
ITM-000104,ORD-00047,PROD-0059,5,65.98,10.93,25.52,2024-01-20 14:00:00,2026-08-13T19:21:33.493+05:30,order_items.csv,ERP,batch_01
ITM-000105,ORD-00047,PROD-0060,4,209.1,17.65,65.5,2024-01-20 14:00:00,2026-08-13T19:21:33.493+05:30,order_items.csv,ERP,batch_01
ITM-000106,ORD-00047,PROD-0016,3,666.37,294.58,136.36,2024-01-20 14:00:00,2026-08-13T19:21:33.493+05:30,order_items.csv,ERP,batch_01
ITM-000107,ORD-00048,PROD-0045,1,443.87,23.34,33.64,2024-01-30 10:00:00,2026-08-13T19:21:33.493+05:30,order_items.csv,ERP,batch_01
ITM-000108,ORD-00048,PROD-0051,1,470.26,50.82,33.56,2024-01-30 10:00:00,2026-08-13T19:21:33.493+05:30,order_items.csv,ERP,batch_01
ITM-000109,ORD-00049,PROD-0032,4,56.77,11.96,17.21,2024-01-31 09:00:00,2026-08-13T19:21:33.493+05:30,order_items.csv,ERP,batch_01
ITM-000110,ORD-00049,PROD-0025,1,542.08,67.39,37.98,2024-01-31 09:00:00,2026-08-13T19:21:33.493+05:30,order_items.csv,ERP,batch_01
ITM-000111,ORD-00049,PROD-0051,5,470.26,229.59,169.74,2024-01-31 09:00:00,2026-08-13T19:21:33.493+05:30,order_items.csv,ERP,batch_01
ITM-000112,ORD-00049,PROD-0044,2,113.49,5.54,17.72,2024-01-31 09:00:00,2026-08-13T19:21:33.493+05:30,order_items.csv,ERP,batch_01
ITM-000113,ORD-00050,PROD-0005,3,377.85,28.92,88.37,2024-01-20 10:00:00,2026-08-13T19:21:33.493+05:30,order_items.csv,ERP,batch_01
ITM-000114,ORD-00051,PROD-0046,1,168.98,10.93,12.64,2024-01-07 03:00:00,2026-08-13T19:21:33.493+05:30,order_items.csv,ERP,batch_01
ITM-000115,ORD-00051,PROD-0042,2,355.95,64.85,51.76,2024-01-07 03:00:00,2026-08-13T19:21:33.493+05:30,order_items.csv,ERP,batch_01
ITM-000116,ORD-00051,PROD-0028,2,532.55,8.56,84.52,2024-01-07 03:00:00,2026-08-13T19:21:33.493+05:30,order_items.csv,ERP,batch_01
ITM-000117,ORD-00051,PROD-0022,2,309.11,90.36,42.23,2024-01-07 03:00:00,2026-08-13T19:21:33.493+05:30,order_items.csv,ERP,batch_01
ITM-000118,ORD-00052,PROD-0007,1,59.89,3.53,4.51,2024-02-05 18:00:00,2026-08-13T19:21:33.493+05:30,order_items.csv,ERP,batch_01
ITM-000119,ORD-00052,PROD-0036,4,428.31,39.47,133.9,2024-02-05 18:00:00,2026-08-13T19:21:33.493+05:30,order_items.csv,ERP,batch_01
ITM-000120,ORD-00053,PROD-0013,1,702.72,2.71,56.0,2024-01-29 12:00:00,2026-08-13T19:21:33.493+05:30,order_items.csv,ERP,batch_01
ITM-000121,ORD-00053,PROD-0011,3,664.57,292.2,136.12,2024-01-29 12:00:00,2026-08-13T19:21:33.493+05:30,order_items.csv,ERP,batch_01
ITM-000122,ORD-00053,PROD-0031,1,469.43,21.71,35.82,2024-01-29 12:00:00,2026-08-13T19:21:33.493+05:30,order_items.csv,ERP,batch_01
ITM-000123,ORD-00053,PROD-0026,4,82.97,24.35,24.6,2024-01-29 12:00:00,2026-08-13T19:21:33.493+05:30,order_items.csv,ERP,batch_01
ITM-000124,ORD-00054,PROD-0024,4,402.36,89.18,121.62,2024-01-08 06:00:00,2026-08-13T19:21:33.493+05:30,order_items.csv,ERP,batch_01
ITM-000125,ORD-00054,PROD-0017,4,387.29,108.07,115.29,2024-01-08 06:00:00,2026-08-13T19:21:33.493+05:30,order_items.csv,ERP,batch_01
ITM-000126,ORD-00055,PROD-0052,5,502.79,156.11,188.63,2024-01-12 08:00:00,2026-08-13T19:21:33.493+05:30,order_items.csv,ERP,batch_01
ITM-000127,ORD-00055,PROD-0049,5,269.98,46.07,104.31,2024-01-12 08:00:00,2026-08-13T19:21:33.493+05:30,order_items.csv,ERP,batch_01
ITM-000128,ORD-00055,PROD-0004,4,787.13,386.51,220.96,2024-01-12 08:00:00,2026-08-13T19:21:33.493+05:30,order_items.csv,ERP,batch_01
ITM-000129,ORD-00056,PROD-0006,4,107.73,58.35,29.81,2024-02-02 04:00:00,2026-08-13T19:21:33.493+05:30,order_items.csv,ERP,batch_01
ITM-000130,ORD-00056,PROD-0033,5,339.92,229.56,117.6,2024-02-02 04:00:00,2026-08-13T19:21:33.493+05:30,order_items.csv,ERP,batch_01
ITM-000131,ORD-00056,PROD-0044,5,113.49,12.55,44.39,2024-02-02 04:00:00,2026-08-13T19:21:33.493+05:30,order_items.csv,ERP,batch_01
ITM-000132,ORD-00057,PROD-0028,1,532.55,78.95,36.29,2024-01-12 16:00:00,2026-08-13T19:21:33.493+05:30,order_items.csv,ERP,batch_01
ITM-000133,ORD-00058,PROD-0025,5,542.08,161.55,203.91,2024-02-09 18:00:00,2026-08-13T19:21:33.493+05:30,order_items.csv,ERP,batch_01
ITM-000134,ORD-00059,PROD-0008,4,308.14,27.67,96.39,2024-02-05 00:00:00,2026-08-13T19:21:33.493+05:30,order_items.csv,ERP,batch_01
ITM-000135,ORD-00059,PROD-0037,5,603.32,263.66,220.24,2024-02-05 00:00:00,2026-08-13T19:21:33.493+05:30,order_items.csv,ERP,batch_01
ITM-000136,ORD-00059,PROD-0007,1,59.89,5.05,4.39,2024-02-05 00:00:00,2026-08-13T19:21:33.493+05:30,order_items.csv,ERP,batch_01
ITM-000137,ORD-00059,PROD-0007,3,59.89,23.38,12.5,2024-02-05 00:00:00,2026-08-13T19:21:33.493+05:30,order_items.csv,ERP,batch_01
ITM-000138,ORD-00060,PROD-0003,2,219.21,18.11,33.62,2024-01-18 22:00:00,2026-08-13T19:21:33.493+05:30,order_items.csv,ERP,batch_01
ITM-000139,ORD-00060,PROD-0010,5,133.78,61.07,48.63,2024-01-18 22:00:00,2026-08-13T19:21:33.493+05:30,order_items.csv,ERP,batch_01
ITM-000140,ORD-00060,PROD-0045,4,443.87,10.33,141.21,2024-01-18 22:00:00,2026-08-13T19:21:33.493+05:30,order_items.csv,ERP,batch_01
ITM-000141,ORD-00060,PROD-0057,3,666.33,207.05,143.36,2024-01-18 22:00:00,2026-08-13T19:21:33.493+05:30,order_items.csv,ERP,batch_01
ITM-000142,ORD-00061,PROD-0020,3,446.28,169.27,93.57,2024-01-19 21:00:00,2026-08-13T19:21:33.493+05:30,order_items.csv,ERP,batch_01
ITM-000143,ORD-00061,PROD-0055,1,425.29,62.04,29.06,2024-01-19 21:00:00,2026-08-13T19:21:33.493+05:30,order_items.csv,ERP,batch_01
ITM-000144,ORD-00061,PROD-0015,2,150.54,13.57,23.0,2024-01-19 21:00:00,2026-08-13T19:21:33.493+05:30,order_items.csv,ERP,batch_01
ITM-000145,ORD-00062,PROD-0013,4,702.72,89.13,217.74,2024-01-22 18:00:00,2026-08-13T19:21:33.493+05:30,order_items.csv,ERP,batch_01
ITM-000146,ORD-00063,PROD-0005,3,377.85,120.65,81.03,2024-02-04 21:00:00,2026-08-13T19:21:33.493+05:30,order_items.csv,ERP,batch_01
ITM-000147,ORD-00063,PROD-0026,2,82.97,19.43,11.72,2024-02-04 21:00:00,2026-08-13T19:21:33.493+05:30,order_items.csv,ERP,batch_01
ITM-000148,ORD-00064,PROD-0016,1,666.37,45.62,49.66,2024-01-03 15:00:00,2026-08-13T19:21:33.493+05:30,order_items.csv,ERP,batch_01
ITM-000149,ORD-00065,PROD-0041,1,308.67,31.54,22.17,2024-01-19 21:00:00,2026-08-13T19:21:33.493+05:30,order_items.csv,ERP,batch_01
ITM-000150,ORD-00065,PROD-0016,3,666.37,146.57,148.2,2024-01-19 21:00:00,2026-08-13T19:21:33.493+05:30,order_items.csv,ERP,batch_01
ITM-000151,ORD-00065,PROD-0029,2,323.43,93.2,44.29,2024-01-19 21:00:00,2026-08-13T19:21:33.493+05:30,order_items.csv,ERP,batch_01
ITM-000152,ORD-00065,PROD-0031,5,469.43,194.11,172.24,2024-01-19 21:00:00,2026-08-13T19:21:33.493+05:30,order_items.csv,ERP,batch_01
ITM-000153,ORD-00066,PROD-0025,1,542.08,13.25,42.31,2024-01-19 09:00:00,2026-08-13T19:21:33.493+05:30,order_items.csv,ERP,batch_01
ITM-000154,ORD-00067,PROD-0042,4,355.95,109.62,105.13,2024-01-17 06:00:00,2026-08-13T19:21:33.493+05:30,order_items.csv,ERP,batch_01
ITM-000155,ORD-00067,PROD-0050,1,165.94,11.8,12.33,2024-01-17 06:00:00,2026-08-13T19:21:33.493+05:30,order_items.csv,ERP,batch_01
ITM-000156,ORD-00067,PROD-0012,5,564.68,339.17,198.74,2024-01-17 06:00:00,2026-08-13T19:21:33.493+05:30,order_items.csv,ERP,batch_01
ITM-000157,ORD-00068,PROD-0017,2,387.29,54.22,57.63,2024-01-19 23:00:00,2026-08-13T19:21:33.493+05:30,order_items.csv,ERP,batch_01
ITM-000158,ORD-00068,PROD-0044,5,113.49,70.16,39.78,2024-01-19 23:00:00,2026-08-13T19:21:33.493+05:30,order_items.csv,ERP,batch_01
ITM-000159,ORD-00068,PROD-0026,5,82.97,6.37,32.68,2024-01-19 23:00:00,2026-08-13T19:21:33.493+05:30,order_items.csv,ERP,batch_01
ITM-000160,ORD-00068,PROD-0033,3,339.92,85.88,74.71,2024-01-19 23:00:00,2026-08-13T19:21:33.493+05:30,order_items.csv,ERP,batch_01
ITM-000161,ORD-00069,PROD-0022,3,309.11,89.11,67.06,2024-01-20 19:00:00,2026-08-13T19:21:33.493+05:30,order_items.csv,ERP,batch_01
ITM-000162,ORD-00070,PROD-0058,1,490.64,59.28,34.51,2024-01-21 16:00:00,2026-08-13T19:21:33.493+05:30,order_items.csv,ERP,batch_01
ITM-000163,ORD-00070,PROD-0039,4,379.98,150.59,109.55,2024-01-21 16:00:00,2026-08-13T19:21:33.493+05:30,order_items.csv,ERP,batch_01
ITM-000164,ORD-00071,PROD-0025,1,542.08,47.41,39.57,2024-02-02 19:00:00,2026-08-13T19:21:33.493+05:30,order_items.csv,ERP,batch_01
ITM-000165,ORD-00071,PROD-0037,2,603.32,62.11,91.56,2024-02-02 19:00:00,2026-08-13T19:21:33.493+05:30,order_items.csv,ERP,batch_01
ITM-000166,ORD-00071,PROD-0046,2,168.98,34.79,24.25,2024-02-02 19:00:00,2026-08-13T19:21:33.493+05:30,order_items.csv,ERP,batch_01
ITM-000167,ORD-00071,PROD-0041,4,308.67,167.89,85.34,2024-02-02 19:00:00,2026-08-13T19:21:33.493+05:30,order_items.csv,ERP,batch_01
ITM-000168,ORD-00072,PROD-0019,1,101.24,7.15,7.53,2024-02-03 19:00:00,2026-08-13T19:21:33.493+05:30,order_items.csv,ERP,batch_01
ITM-000169,ORD-00072,PROD-0047,5,504.71,288.79,178.78,2024-02-03 19:00:00,2026-08-13T19:21:33.493+05:30,order_items.csv,ERP,batch_01
ITM-000170,ORD-00073,PROD-0027,3,310.4,51.92,70.34,2024-01-07 17:00:00,2026-08-13T19:21:33.493+05:30,order_items.csv,ERP,batch_01
ITM-000171,ORD-00073,PROD-0038,3,217.47,45.38,48.56,2024-01-07 17:00:00,2026-08-13T19:21:33.493+05:30,order_items.csv,ERP,batch_01
ITM-000172,ORD-00073,PROD-0008,4,308.14,9.92,97.81,2024-01-07 17:00:00,2026-08-13T19:21:33.493+05:30,order_items.csv,ERP,batch_01
ITM-000173,ORD-00074,PROD-0033,1,339.92,44.23,23.66,2024-02-09 05:00:00,2026-08-13T19:21:33.493+05:30,order_items.csv,ERP,batch_01
ITM-000174,ORD-00074,PROD-0025,5,542.08,121.3,207.13,2024-02-09 05:00:00,2026-08-13T19:21:33.493+05:30,order_items.csv,ERP,batch_01
ITM-000175,ORD-00075,PROD-0010,3,133.78,51.92,27.95,2024-01-10 16:00:00,2026-08-13T19:21:33.493+05:30,order_items.csv,ERP,batch_01
ITM-000176,ORD-00075,PROD-0012,1,564.68,41.3,41.87,2024-01-10 16:00:00,2026-08-13T19:21:33.493+05:30,order_items.csv,ERP,batch_01
ITM-000177,ORD-00075,PROD-0041,2,308.67,29.02,47.07,2024-01-10 16:00:00,2026-08-13T19:21:33.493+05:30,order_items.csv,ERP,batch_01
ITM-000178,ORD-00075,PROD-0004,1,787.13,53.37,58.7,2024-01-10 16:00:00,2026-08-13T19:21:33.493+05:30,order_items.csv,ERP,batch_01
ITM-000179,ORD-00076,PROD-0040,4,605.15,230.01,175.25,2024-02-07 15:00:00,2026-08-13T19:21:33.493+05:30,order_items.csv,ERP,batch_01
ITM-000180,ORD-00076,PROD-0026,4,82.97,48.06,22.71,2024-02-07 15:00:00,2026-08-13T19:21:33.493+05:30,order_items.csv,ERP,batch_01
ITM-000181,ORD-00077,PROD-0058,3,490.64,167.1,104.39,2024-01-05 03:00:00,2026-08-13T19:21:33.493+05:30,order_items.csv,ERP,batch_01
ITM-000182,ORD-00078,PROD-0007,4,59.89,18.09,17.72,2024-01-17 17:00:00,2026-08-13T19:21:33.493+05:30,order_items.csv,ERP,batch_01
ITM-000183,ORD-00078,PROD-0020,2,446.28,8.74,70.71,2024-01-17 17:00:00,2026-08-13T19:21:33.493+05:30,order_items.csv,ERP,batch_01
ITM-000184,ORD-00079,PROD-0028,2,532.55,54.76,80.83,2024-01-21 00:00:00,2026-08-13T19:21:33.493+05:30,order_items.csv,ERP,batch_01
ITM-000185,ORD-00079,PROD-0049,2,269.98,13.35,42.13,2024-01-21 00:00:00,2026-08-13T19:21:33.493+05:30,order_items.csv,ERP,batch_01
ITM-000186,ORD-00079,PROD-0015,2,150.54,32.84,21.46,2024-01-21 00:00:00,2026-08-13T19:21:33.493+05:30,order_items.csv,ERP,batch_01
ITM-000187,ORD-00080,PROD-0046,1,168.98,9.51,12.76,2024-02-09 02:00:00,2026-08-13T19:21:33.493+05:30,order_items.csv,ERP,batch_01
ITM-000188,ORD-00080,PROD-0050,5,165.94,77.55,60.17,2024-02-09 02:00:00,2026-08-13T19:21:33.493+05:30,order_items.csv,ERP,batch_01
ITM-000189,ORD-00080,PROD-0004,1,787.13,77.17,56.8,2024-02-09 02:00:00,2026-08-13T19:21:33.493+05:30,order_items.csv,ERP,batch_01
ITM-000190,ORD-00081,PROD-0014,1,106.8,4.82,8.16,2024-01-10 03:00:00,2026-08-13T19:21:33.493+05:30,order_items.csv,ERP,batch_01
ITM-000191,ORD-00081,PROD-0043,1,229.48,22.8,16.53,2024-01-10 03:00:00,2026-08-13T19:21:33.493+05:30,order_items.csv,ERP,batch_01
ITM-000192,ORD-00082,PROD-0033,5,339.92,30.02,133.57,2024-02-10 08:00:00,2026-08-13T19:21:33.493+05:30,order_items.csv,ERP,batch_01
ITM-000193,ORD-00083,PROD-0023,4,689.9,122.26,210.99,2024-01-15 05:00:00,2026-08-13T19:21:33.493+05:30,order_items.csv,ERP,batch_01
ITM-000194,ORD-00083,PROD-0045,4,443.87,88.05,134.99,2024-01-15 05:00:00,2026-08-13T19:21:33.493+05:30,order_items.csv,ERP,batch_01
ITM-000195,ORD-00084,PROD-0058,3,490.64,142.26,106.37,2024-01-11 12:00:00,2026-08-13T19:21:33.493+05:30,order_items.csv,ERP,batch_01
ITM-000196,ORD-00085,PROD-0024,3,402.36,77.13,90.4,2024-01-05 13:00:00,2026-08-13T19:21:33.493+05:30,order_items.csv,ERP,batch_01
ITM-000197,ORD-00085,PROD-0055,1,425.29,0.62,33.97,2024-01-05 13:00:00,2026-08-13T19:21:33.493+05:30,order_items.csv,ERP,batch_01
ITM-000198,ORD-00085,PROD-0042,2,355.95,35.1,54.14,2024-01-05 13:00:00,2026-08-13T19:21:33.493+05:30,order_items.csv,ERP,batch_01
ITM-000199,ORD-00086,PROD-0026,4,82.97,47.91,22.72,2024-01-07 21:00:00,2026-08-13T19:21:33.493+05:30,order_items.csv,ERP,batch_01
ITM-000200,ORD-00087,PROD-0045,1,443.87,65.35,30.28,2024-02-01 23:00:00,2026-08-13T19:21:33.493+05:30,order_items.csv,ERP,batch_01
ITM-000201,ORD-00087,PROD-0007,4,59.89,32.74,16.55,2024-02-01 23:00:00,2026-08-13T19:21:33.493+05:30,order_items.csv,ERP,batch_01
ITM-000202,ORD-00088,PROD-0056,2,480.47,69.63,71.3,2024-01-14 05:00:00,2026-08-13T19:21:33.493+05:30,order_items.csv,ERP,batch_01
ITM-000203,ORD-00089,PROD-0042,3,355.95,1.98,85.27,2024-01-29 00:00:00,2026-08-13T19:21:33.493+05:30,order_items.csv,ERP,batch_01
ITM-000204,ORD-00089,PROD-0056,5,480.47,276.58,170.06,2024-01-29 00:00:00,2026-08-13T19:21:33.493+05:30,order_items.csv,ERP,batch_01
ITM-000205,ORD-00089,PROD-0037,5,603.32,101.35,233.22,2024-01-29 00:00:00,2026-08-13T19:21:33.493+05:30,order_items.csv,ERP,batch_01
ITM-000206,ORD-00090,PROD-0043,2,229.48,33.18,34.06,2024-02-05 02:00:00,2026-08-13T19:21:33.493+05:30,order_items.csv,ERP,batch_01
ITM-000207,ORD-00090,PROD-0054,5,317.91,212.7,110.15,2024-02-05 02:00:00,2026-08-13T19:21:33.493+05:30,order_items.csv,ERP,batch_01
ITM-000208,ORD-00090,PROD-0001,2,32.3,4.9,4.78,2024-02-05 02:00:00,2026-08-13T19:21:33.493+05:30,order_items.csv,ERP,batch_01
ITM-000209,ORD-00090,PROD-0056,2,480.47,10.79,76.01,2024-02-05 02:00:00,2026-08-13T19:21:33.493+05:30,order_items.csv,ERP,batch_01
ITM-000210,ORD-00091,PROD-0026,2,82.97,1.96,13.12,2024-01-19 11:00:00,2026-08-13T19:21:33.493+05:30,order_items.csv,ERP,batch_01
ITM-000211,ORD-00091,PROD-0006,4,107.73,28.9,32.16,2024-01-19 11:00:00,2026-08-13T19:21:33.493+05:30,order_items.csv,ERP,batch_01
ITM-000212,ORD-00091,PROD-0048,1,273.24,4.21,21.52,2024-01-19 11:00:00,2026-08-13T19:21:33.493+05:30,order_items.csv,ERP,batch_01
ITM-000213,ORD-00091,PROD-0036,5,428.31,0.05,171.32,2024-01-19 11:00:00,2026-08-13T19:21:33.493+05:30,order_items.csv,ERP,batch_01
ITM-000214,ORD-00092,PROD-0053,1,573.78,70.28,40.28,2024-01-16 06:00:00,2026-08-13T19:21:33.493+05:30,order_items.csv,ERP,batch_01
ITM-000215,ORD-00092,PROD-0055,4,425.29,84.71,129.32,2024-01-16 06:00:00,2026-08-13T19:21:33.493+05:30,order_items.csv,ERP,batch_01
ITM-000216,ORD-00092,PROD-0050,5,165.94,74.67,60.4,2024-01-16 06:00:00,2026-08-13T19:21:33.493+05:30,order_items.csv,ERP,batch_01
ITM-000217,ORD-00093,PROD-0022,3,309.11,115.44,64.95,2024-01-30 13:00:00,2026-08-13T19:21:33.493+05:30,order_items.csv,ERP,batch_01
ITM-000218,ORD-00094,PROD-0032,2,56.77,14.0,7.96,2024-02-04 21:00:00,2026-08-13T19:21:33.493+05:30,order_items.csv,ERP,batch_01
ITM-000219,ORD-00094,PROD-0048,4,273.24,17.54,86.03,2024-02-04 21:00:00,2026-08-13T19:21:33.493+05:30,order_items.csv,ERP,batch_01
ITM-000220,ORD-00095,PROD-0053,2,573.78,123.38,81.93,2024-01-14 13:00:00,2026-08-13T19:21:33.493+05:30,order_items.csv,ERP,batch_01
ITM-000221,ORD-00095,PROD-0007,4,59.89,1.67,19.03,2024-01-14 13:00:00,2026-08-13T19:21:33.493+05:30,order_items.csv,ERP,batch_01
ITM-000222,ORD-00095,PROD-0041,5,308.67,28.53,121.19,2024-01-14 13:00:00,2026-08-13T19:21:33.493+05:30,order_items.csv,ERP,batch_01
ITM-000223,ORD-00095,PROD-0058,4,490.64,134.65,146.23,2024-01-14 13:00:00,2026-08-13T19:21:33.493+05:30,order_items.csv,ERP,batch_01
ITM-000224,ORD-00096,PROD-0036,4,428.31,215.56,119.81,2024-01-11 01:00:00,2026-08-13T19:21:33.493+05:30,order_items.csv,ERP,batch_01
ITM-000225,ORD-00097,PROD-0007,4,59.89,23.63,17.27,2024-01-14 08:00:00,2026-08-13T19:21:33.493+05:30,order_items.csv,ERP,batch_01
ITM-000226,ORD-00097,PROD-0033,4,339.92,85.39,101.94,2024-01-14 08:00:00,2026-08-13T19:21:33.493+05:30,order_items.csv,ERP,batch_01
ITM-000227,ORD-00098,PROD-0027,5,310.4,162.96,111.12,2024-01-23 19:00:00,2026-08-13T19:21:33.493+05:30,order_items.csv,ERP,batch_01
ITM-000228,ORD-00098,PROD-0048,5,273.24,61.26,104.4,2024-01-23 19:00:00,2026-08-13T19:21:33.493+05:30,order_items.csv,ERP,batch_01
ITM-000229,ORD-00099,PROD-0014,5,106.8,57.22,38.14,2024-01-23 08:00:00,2026-08-13T19:21:33.493+05:30,order_items.csv,ERP,batch_01
ITM-000230,ORD-00099,PROD-0046,2,168.98,25.54,24.99,2024-01-23 08:00:00,2026-08-13T19:21:33.493+05:30,order_items.csv,ERP,batch_01
ITM-000231,ORD-00100,PROD-0044,5,113.49,24.34,43.45,2024-02-07 01:00:00,2026-08-13T19:21:33.493+05:30,order_items.csv,ERP,batch_01
ITM-000232,ORD-00100,PROD-0034,1,266.5,1.01,21.24,2024-02-07 01:00:00,2026-08-13T19:21:33.493+05:30,order_items.csv,ERP,batch_01
ITM-000233,ORD-00100,PROD-0043,1,229.48,6.88,17.81,2024-02-07 01:00:00,2026-08-13T19:21:33.493+05:30,order_items.csv,ERP,batch_01
ITM-000234,ORD-00100,PROD-0044,3,113.49,7.48,26.64,2024-02-07 01:00:00,2026-08-13T19:21:33.493+05:30,order_items.csv,ERP,batch_01
ITM-000235,ORD-00101,PROD-0048,5,273.24,79.69,102.92,2024-01-04 21:00:00,2026-08-13T19:21:33.493+05:30,order_items.csv,ERP,batch_01
ITM-000236,ORD-00101,PROD-0033,3,339.92,105.99,73.1,2024-01-04 21:00:00,2026-08-13T19:21:33.493+05:30,order_items.csv,ERP,batch_01
ITM-000237,ORD-00102,PROD-0001,3,32.3,2.95,7.52,2024-01-26 23:00:00,2026-08-13T19:21:33.493+05:30,order_items.csv,ERP,batch_01
ITM-000238,ORD-00103,PROD-0050,2,165.94,14.64,25.38,2024-01-17 06:00:00,2026-08-13T19:21:33.493+05:30,order_items.csv,ERP,batch_01
ITM-000239,ORD-00103,PROD-0012,1,564.68,15.84,43.91,2024-01-17 06:00:00,2026-08-13T19:21:33.493+05:30,order_items.csv,ERP,batch_01
ITM-000240,ORD-00104,PROD-0036,3,428.31,25.07,100.79,2024-01-09 22:00:00,2026-08-13T19:21:33.493+05:30,order_items.csv,ERP,batch_01
ITM-000241,ORD-00104,PROD-0038,3,217.47,0.55,52.15,2024-01-09 22:00:00,2026-08-13T19:21:33.493+05:30,order_items.csv,ERP,batch_01
ITM-000242,ORD-00104,PROD-0030,2,403.71,4.84,64.21,2024-01-09 22:00:00,2026-08-13T19:21:33.493+05:30,order_items.csv,ERP,batch_01
ITM-000243,ORD-00105,PROD-0051,5,470.26,194.04,172.58,2024-01-06 06:00:00,2026-08-13T19:21:33.493+05:30,order_items.csv,ERP,batch_01
ITM-000244,ORD-00105,PROD-0034,2,266.5,76.51,36.52,2024-01-06 06:00:00,2026-08-13T19:21:33.493+05:30,order_items.csv,ERP,batch_01
ITM-000245,ORD-00105,PROD-0051,5,470.26,56.21,183.61,2024-01-06 06:00:00,2026-08-13T19:21:33.493+05:30,order_items.csv,ERP,batch_01
ITM-000246,ORD-00105,PROD-0006,3,107.73,10.72,25.0,2024-01-06 06:00:00,2026-08-13T19:21:33.493+05:30,order_items.csv,ERP,batch_01
ITM-000247,ORD-00106,PROD-0036,1,428.31,7.37,33.68,2024-01-20 16:00:00,2026-08-13T19:21:33.493+05:30,order_items.csv,ERP,batch_01
ITM-000248,ORD-00106,PROD-0016,5,666.37,459.1,229.82,2024-01-20 16:00:00,2026-08-13T19:21:33.493+05:30,order_items.csv,ERP,batch_01
ITM-000249,ORD-00106,PROD-0044,3,113.49,19.48,25.68,2024-01-20 16:00:00,2026-08-13T19:21:33.493+05:30,order_items.csv,ERP,batch_01
ITM-000250,ORD-00106,PROD-0017,5,387.29,210.29,138.09,2024-01-20 16:00:00,2026-08-13T19:21:33.493+05:30,order_items.csv,ERP,batch_01
ITM-000251,ORD-00107,PROD-0021,5,704.47,43.51,278.31,2024-01-31 01:00:00,2026-08-13T19:21:33.493+05:30,order_items.csv,ERP,batch_01
ITM-000252,ORD-00107,PROD-0007,2,59.89,17.46,8.19,2024-01-31 01:00:00,2026-08-13T19:21:33.493+05:30,order_items.csv,ERP,batch_01
ITM-000253,ORD-00108,PROD-0056,4,480.47,240.91,134.48,2024-02-05 10:00:00,2026-08-13T19:21:33.493+05:30,order_items.csv,ERP,batch_01
ITM-000254,ORD-00108,PROD-0014,5,106.8,66.38,37.41,2024-02-05 10:00:00,2026-08-13T19:21:33.493+05:30,order_items.csv,ERP,batch_01
ITM-000255,ORD-00109,PROD-0046,3,168.98,2.88,40.32,2024-01-07 09:00:00,2026-08-13T19:21:33.493+05:30,order_items.csv,ERP,batch_01
ITM-000256,ORD-00109,PROD-0036,1,428.31,36.94,31.31,2024-01-07 09:00:00,2026-08-13T19:21:33.493+05:30,order_items.csv,ERP,batch_01
ITM-000257,ORD-00109,PROD-0017,4,387.29,90.17,116.72,2024-01-07 09:00:00,2026-08-13T19:21:33.493+05:30,order_items.csv,ERP,batch_01
ITM-000258,ORD-00109,PROD-0028,3,532.55,4.05,127.49,2024-01-07 09:00:00,2026-08-13T19:21:33.493+05:30,order_items.csv,ERP,batch_01
ITM-000259,ORD-00110,PROD-0023,5,689.9,54.92,271.57,2024-02-10 12:00:00,2026-08-13T19:21:33.493+05:30,order_items.csv,ERP,batch_01
ITM-000260,ORD-00111,PROD-0035,2,393.28,16.09,61.64,2024-01-26 22:00:00,2026-08-13T19:21:33.493+05:30,order_items.csv,ERP,batch_01
ITM-000261,ORD-00111,PROD-0026,5,82.97,18.36,31.72,2024-01-26 22:00:00,2026-08-13T19:21:33.493+05:30,order_items.csv,ERP,batch_01
ITM-000262,ORD-00112,PROD-0008,1,308.14,0.23,24.63,2024-01-22 07:00:00,2026-08-13T19:21:33.493+05:30,order_items.csv,ERP,batch_01
ITM-000263,ORD-00112,PROD-0039,4,379.98,122.46,111.8,2024-01-22 07:00:00,2026-08-13T19:21:33.493+05:30,order_items.csv,ERP,batch_01
ITM-000264,ORD-00113,PROD-0058,5,490.64,52.42,192.06,2024-01-16 09:00:00,2026-08-13T19:21:33.493+05:30,order_items.csv,ERP,batch_01
ITM-000265,ORD-00113,PROD-0012,2,564.68,104.5,81.99,2024-01-16 09:00:00,2026-08-13T19:21:33.493+05:30,order_items.csv,ERP,batch_01
ITM-000266,ORD-00113,PROD-0017,2,387.29,13.32,60.9,2024-01-16 09:00:00,2026-08-13T19:21:33.493+05:30,order_items.csv,ERP,batch_01
ITM-000267,ORD-00113,PROD-0043,5,229.48,146.68,80.06,2024-01-16 09:00:00,2026-08-13T19:21:33.493+05:30,order_items.csv,ERP,batch_01
ITM-000268,ORD-00114,PROD-0043,1,229.48,8.63,17.67,2024-02-01 06:00:00,2026-08-13T19:21:33.493+05:30,order_items.csv,ERP,batch_01
ITM-000269,ORD-00114,PROD-0022,3,309.11,17.83,72.76,2024-02-01 06:00:00,2026-08-13T19:21:33.493+05:30,order_items.csv,ERP,batch_01
ITM-000270,ORD-00114,PROD-0019,5,101.24,5.3,40.07,2024-02-01 06:00:00,2026-08-13T19:21:33.493+05:30,order_items.csv,ERP,batch_01
ITM-000271,ORD-00115,PROD-0037,5,603.32,164.93,228.13,2024-01-24 05:00:00,2026-08-13T19:21:33.493+05:30,order_items.csv,ERP,batch_01
ITM-000272,ORD-00115,PROD-0021,4,704.47,71.28,219.73,2024-01-24 05:00:00,2026-08-13T19:21:33.493+05:30,order_items.csv,ERP,batch_01
ITM-000273,ORD-00116,PROD-0009,3,206.06,81.4,42.94,2024-01-17 08:00:00,2026-08-13T19:21:33.493+05:30,order_items.csv,ERP,batch_01
ITM-000274,ORD-00116,PROD-0030,4,403.71,86.9,122.24,2024-01-17 08:00:00,2026-08-13T19:21:33.493+05:30,order_items.csv,ERP,batch_01
ITM-000275,ORD-00116,PROD-0020,4,446.28,147.72,130.99,2024-01-17 08:00:00,2026-08-13T19:21:33.493+05:30,order_items.csv,ERP,batch_01
ITM-000276,ORD-00117,PROD-0017,1,387.29,42.26,27.6,2024-01-07 18:00:00,2026-08-13T19:21:33.493+05:30,order_items.csv,ERP,batch_01
ITM-000277,ORD-00117,PROD-0055,5,425.29,201.47,154.0,2024-01-07 18:00:00,2026-08-13T19:21:33.493+05:30,order_items.csv,ERP,batch_01
ITM-000278,ORD-00118,PROD-0035,5,393.28,139.25,146.17,2024-02-08 16:00:00,2026-08-13T19:21:33.493+05:30,order_items.csv,ERP,batch_01
ITM-000279,ORD-00118,PROD-0050,2,165.94,18.21,25.09,2024-02-08 16:00:00,2026-08-13T19:21:33.493+05:30,order_items.csv,ERP,batch_01
ITM-000280,ORD-00118,PROD-0015,5,150.54,82.78,53.59,2024-02-08 16:00:00,2026-08-13T19:21:33.493+05:30,order_items.csv,ERP,batch_01
ITM-000281,ORD-00119,PROD-0024,5,402.36,3.2,160.69,2024-02-01 02:00:00,2026-08-13T19:21:33.493+05:30,order_items.csv,ERP,batch_01
ITM-000282,ORD-00119,PROD-0049,5,269.98,28.42,105.72,2024-02-01 02:00:00,2026-08-13T19:21:33.493+05:30,order_items.csv,ERP,batch_01
ITM-000283,ORD-00119,PROD-0037,5,603.32,298.38,217.46,2024-02-01 02:00:00,2026-08-13T19:21:33.493+05:30,order_items.csv,ERP,batch_01
ITM-000284,ORD-00119,PROD-0023,1,689.9,22.64,53.38,2024-02-01 02:00:00,2026-08-13T19:21:33.493+05:30,order_items.csv,ERP,batch_01
ITM-000285,ORD-00120,PROD-0025,4,542.08,298.55,149.58,2024-01-25 17:00:00,2026-08-13T19:21:33.493+05:30,order_items.csv,ERP,batch_01
ITM-000286,ORD-00120,PROD-0057,1,666.33,3.99,52.99,2024-01-25 17:00:00,2026-08-13T19:21:33.493+05:30,order_items.csv,ERP,batch_01
ITM-000287,ORD-00120,PROD-0042,3,355.95,16.53,84.11,2024-01-25 17:00:00,2026-08-13T19:21:33.493+05:30,order_items.csv,ERP,batch_01
ITM-000288,ORD-00121,PROD-0025,4,542.08,118.81,163.96,2024-01-19 04:00:00,2026-08-13T19:21:33.493+05:30,order_items.csv,ERP,batch_01
ITM-000289,ORD-00121,PROD-0025,2,542.08,83.97,80.02,2024-01-19 04:00:00,2026-08-13T19:21:33.493+05:30,order_items.csv,ERP,batch_01
ITM-000290,ORD-00122,PROD-0011,2,664.57,15.37,105.1,2024-02-09 10:00:00,2026-08-13T19:21:33.493+05:30,order_items.csv,ERP,batch_01
ITM-000291,ORD-00122,PROD-0010,2,133.78,6.32,20.9,2024-02-09 10:00:00,2026-08-13T19:21:33.493+05:30,order_items.csv,ERP,batch_01
ITM-000292,ORD-00122,PROD-0043,2,229.48,28.54,34.43,2024-02-09 10:00:00,2026-08-13T19:21:33.493+05:30,order_items.csv,ERP,batch_01
ITM-000293,ORD-00122,PROD-0031,4,469.43,134.92,139.42,2024-02-09 10:00:00,2026-08-13T19:21:33.493+05:30,order_items.csv,ERP,batch_01
ITM-000294,ORD-00123,PROD-0009,5,206.06,6.06,81.94,2024-01-03 17:00:00,2026-08-13T19:21:33.493+05:30,order_items.csv,ERP,batch_01
ITM-000295,ORD-00123,PROD-0037,2,603.32,10.12,95.72,2024-01-03 17:00:00,2026-08-13T19:21:33.493+05:30,order_items.csv,ERP,batch_01
ITM-000296,ORD-00124,PROD-0057,3,666.33,284.03,137.2,2024-02-04 22:00:00,2026-08-13T19:21:33.493+05:30,order_items.csv,ERP,batch_01
ITM-000297,ORD-00125,PROD-0051,5,470.26,289.37,164.95,2024-02-01 15:00:00,2026-08-13T19:21:33.493+05:30,order_items.csv,ERP,batch_01
ITM-000298,ORD-00125,PROD-0043,5,229.48,45.53,88.15,2024-02-01 15:00:00,2026-08-13T19:21:33.493+05:30,order_items.csv,ERP,batch_01
ITM-000299,ORD-00126,PROD-0025,2,542.08,17.66,85.32,2024-02-10 04:00:00,2026-08-13T19:21:33.493+05:30,order_items.csv,ERP,batch_01
ITM-000300,ORD-00126,PROD-0013,5,702.72,453.04,244.84,2024-02-10 04:00:00,2026-08-13T19:21:33.493+05:30,order_items.csv,ERP,batch_01
ITM-000301,ORD-00126,PROD-0033,4,339.92,168.57,95.29,2024-02-10 04:00:00,2026-08-13T19:21:33.493+05:30,order_items.csv,ERP,batch_01
ITM-000302,ORD-00126,PROD-0039,1,379.98,10.11,29.59,2024-02-10 04:00:00,2026-08-13T19:21:33.493+05:30,order_items.csv,ERP,batch_01
ITM-000303,ORD-00127,PROD-0031,2,469.43,127.03,64.95,2024-01-05 03:00:00,2026-08-13T19:21:33.493+05:30,order_items.csv,ERP,batch_01
ITM-000304,ORD-00128,PROD-0015,4,150.54,71.32,42.47,2024-02-04 23:00:00,2026-08-13T19:21:33.493+05:30,order_items.csv,ERP,batch_01
ITM-000305,ORD-00128,PROD-0025,3,542.08,143.69,118.6,2024-02-04 23:00:00,2026-08-13T19:21:33.493+05:30,order_items.csv,ERP,batch_01
ITM-000306,ORD-00128,PROD-0048,5,273.24,20.03,107.69,2024-02-04 23:00:00,2026-08-13T19:21:33.493+05:30,order_items.csv,ERP,batch_01
ITM-000307,ORD-00128,PROD-0009,3,206.06,44.24,45.92,2024-02-04 23:00:00,2026-08-13T19:21:33.493+05:30,order_items.csv,ERP,batch_01
ITM-000308,ORD-00129,PROD-0013,1,702.72,74.75,50.24,2024-01-21 05:00:00,2026-08-13T19:21:33.493+05:30,order_items.csv,ERP,batch_01
ITM-000309,ORD-00129,PROD-0034,1,266.5,14.99,20.12,2024-01-21 05:00:00,2026-08-13T19:21:33.493+05:30,order_items.csv,ERP,batch_01
ITM-000310,ORD-00129,PROD-0027,3,310.4,14.89,73.3,2024-01-21 05:00:00,2026-08-13T19:21:33.493+05:30,order_items.csv,ERP,batch_01
ITM-000311,ORD-00130,PROD-0044,4,113.49,51.41,32.2,2024-01-30 04:00:00,2026-08-13T19:21:33.493+05:30,order_items.csv,ERP,batch_01
ITM-000312,ORD-00130,PROD-0027,5,310.4,182.47,109.56,2024-01-30 04:00:00,2026-08-13T19:21:33.493+05:30,order_items.csv,ERP,batch_01
ITM-000313,ORD-00130,PROD-0031,2,469.43,52.14,70.94,2024-01-30 04:00:00,2026-08-13T19:21:33.493+05:30,order_items.csv,ERP,batch_01
ITM-000314,ORD-00131,PROD-0048,2,273.24,70.09,38.11,2024-01-18 19:00:00,2026-08-13T19:21:33.493+05:30,order_items.csv,ERP,batch_01
ITM-000315,ORD-00131,PROD-0029,2,323.43,9.73,50.97,2024-01-18 19:00:00,2026-08-13T19:21:33.493+05:30,order_items.csv,ERP,batch_01
ITM-000316,ORD-00131,PROD-0051,3,470.26,169.47,99.3,2024-01-18 19:00:00,2026-08-13T19:21:33.493+05:30,order_items.csv,ERP,batch_01
ITM-000317,ORD-00131,PROD-0011,4,664.57,384.61,181.89,2024-01-18 19:00:00,2026-08-13T19:21:33.493+05:30,order_items.csv,ERP,batch_01
ITM-000318,ORD-00132,PROD-0015,3,150.54,5.42,35.7,2024-02-09 23:00:00,2026-08-13T19:21:33.493+05:30,order_items.csv,ERP,batch_01
ITM-000319,ORD-00132,PROD-0003,4,219.21,122.41,60.35,2024-02-09 23:00:00,2026-08-13T19:21:33.493+05:30,order_items.csv,ERP,batch_01
ITM-000320,ORD-00132,PROD-0026,5,82.97,40.83,29.92,2024-02-09 23:00:00,2026-08-13T19:21:33.493+05:30,order_items.csv,ERP,batch_01
ITM-000321,ORD-00133,PROD-0013,5,702.72,150.74,269.03,2024-01-05 15:00:00,2026-08-13T19:21:33.493+05:30,order_items.csv,ERP,batch_01
ITM-000322,ORD-00134,PROD-0044,1,113.49,6.12,8.59,2024-02-04 02:00:00,2026-08-13T19:21:33.493+05:30,order_items.csv,ERP,batch_01
ITM-000323,ORD-00134,PROD-0011,1,664.57,99.37,45.22,2024-02-04 02:00:00,2026-08-13T19:21:33.493+05:30,order_items.csv,ERP,batch_01
ITM-000324,ORD-00135,PROD-0048,1,273.24,37.67,18.85,2024-01-28 04:00:00,2026-08-13T19:21:33.493+05:30,order_items.csv,ERP,batch_01
ITM-000325,ORD-00136,PROD-0039,2,379.98,51.84,56.65,2024-02-08 21:00:00,2026-08-13T19:21:33.493+05:30,order_items.csv,ERP,batch_01
ITM-000326,ORD-00136,PROD-0026,5,82.97,0.29,33.16,2024-02-08 21:00:00,2026-08-13T19:21:33.493+05:30,order_items.csv,ERP,batch_01
ITM-000327,ORD-00137,PROD-0022,1,309.11,37.23,21.75,2024-02-03 13:00:00,2026-08-13T19:21:33.493+05:30,order_items.csv,ERP,batch_01
ITM-000328,ORD-00137,PROD-0045,4,443.87,257.28,121.46,2024-02-03 13:00:00,2026-08-13T19:21:33.493+05:30,order_items.csv,ERP,batch_01
ITM-000329,ORD-00137,PROD-0050,2,165.94,37.71,23.53,2024-02-03 13:00:00,2026-08-13T19:21:33.493+05:30,order_items.csv,ERP,batch_01
ITM-000330,ORD-00138,PROD-0041,2,308.67,62.68,44.37,2024-02-01 13:00:00,2026-08-13T19:21:33.493+05:30,order_items.csv,ERP,batch_01
ITM-000331,ORD-00138,PROD-0015,3,150.54,27.94,33.89,2024-02-01 13:00:00,2026-08-13T19:21:33.493+05:30,order_items.csv,ERP,batch_01
ITM-000332,ORD-00138,PROD-0023,5,689.9,277.16,253.79,2024-02-01 13:00:00,2026-08-13T19:21:33.493+05:30,order_items.csv,ERP,batch_01
ITM-000333,ORD-00138,PROD-0045,3,443.87,49.59,102.56,2024-02-01 13:00:00,2026-08-13T19:21:33.493+05:30,order_items.csv,ERP,batch_01
ITM-000334,ORD-00139,PROD-0021,3,704.47,69.29,163.53,2024-01-23 12:00:00,2026-08-13T19:21:33.493+05:30,order_items.csv,ERP,batch_01
ITM-000335,ORD-00139,PROD-0012,2,564.68,84.53,83.59,2024-01-23 12:00:00,2026-08-13T19:21:33.493+05:30,order_items.csv,ERP,batch_01
ITM-000336,ORD-00139,PROD-0048,2,273.24,71.54,38.0,2024-01-23 12:00:00,2026-08-13T19:21:33.493+05:30,order_items.csv,ERP,batch_01
ITM-000337,ORD-00139,PROD-0013,2,702.72,176.31,98.33,2024-01-23 12:00:00,2026-08-13T19:21:33.493+05:30,order_items.csv,ERP,batch_01
ITM-000338,ORD-00140,PROD-0049,5,269.98,193.98,92.47,2024-01-09 12:00:00,2026-08-13T19:21:33.493+05:30,order_items.csv,ERP,batch_01
ITM-000339,ORD-00141,PROD-0032,2,56.77,16.77,7.74,2024-02-10 20:00:00,2026-08-13T19:21:33.493+05:30,order_items.csv,ERP,batch_01
ITM-000340,ORD-00141,PROD-0059,5,65.98,13.87,25.28,2024-02-10 20:00:00,2026-08-13T19:21:33.493+05:30,order_items.csv,ERP,batch_01
ITM-000341,ORD-00141,PROD-0015,5,150.54,14.48,59.06,2024-02-10 20:00:00,2026-08-13T19:21:33.493+05:30,order_items.csv,ERP,batch_01
ITM-000342,ORD-00142,PROD-0026,2,82.97,11.38,12.36,2024-02-02 03:00:00,2026-08-13T19:21:33.493+05:30,order_items.csv,ERP,batch_01
ITM-000343,ORD-00142,PROD-0008,5,308.14,106.32,114.75,2024-02-02 03:00:00,2026-08-13T19:21:33.493+05:30,order_items.csv,ERP,batch_01
ITM-000344,ORD-00142,PROD-0045,1,443.87,0.79,35.45,2024-02-02 03:00:00,2026-08-13T19:21:33.493+05:30,order_items.csv,ERP,batch_01
ITM-000345,ORD-00143,PROD-0012,5,564.68,111.32,216.97,2024-02-08 13:00:00,2026-08-13T19:21:33.493+05:30,order_items.csv,ERP,batch_01
ITM-000346,ORD-00143,PROD-0018,4,328.3,188.81,89.95,2024-02-08 13:00:00,2026-08-13T19:21:33.493+05:30,order_items.csv,ERP,batch_01
ITM-000347,ORD-00143,PROD-0022,3,309.11,25.58,72.14,2024-02-08 13:00:00,2026-08-13T19:21:33.493+05:30,order_items.csv,ERP,batch_01
ITM-000348,ORD-00144,PROD-0018,4,328.3,35.43,102.22,2024-01-29 08:00:00,2026-08-13T19:21:33.493+05:30,order_items.csv,ERP,batch_01
ITM-000349,ORD-00144,PROD-0009,5,206.06,106.02,73.94,2024-01-29 08:00:00,2026-08-13T19:21:33.493+05:30,order_items.csv,ERP,batch_01
ITM-000350,ORD-00144,PROD-0053,1,573.78,62.04,40.94,2024-01-29 08:00:00,2026-08-13T19:21:33.493+05:30,order_items.csv,ERP,batch_01
ITM-000351,ORD-00144,PROD-0052,2,502.79,83.77,73.74,2024-01-29 08:00:00,2026-08-13T19:21:33.493+05:30,order_items.csv,ERP,batch_01
ITM-000352,ORD-00145,PROD-0012,4,564.68,169.27,167.16,2024-01-12 09:00:00,2026-08-13T19:21:33.493+05:30,order_items.csv,ERP,batch_01
ITM-000353,ORD-00146,PROD-0017,5,387.29,249.37,134.97,2024-02-06 09:00:00,2026-08-13T19:21:33.493+05:30,order_items.csv,ERP,batch_01
ITM-000354,ORD-00146,PROD-0004,4,787.13,46.74,248.14,2024-02-06 09:00:00,2026-08-13T19:21:33.493+05:30,order_items.csv,ERP,batch_01
ITM-000355,ORD-00146,PROD-0011,1,664.57,21.48,51.45,2024-02-06 09:00:00,2026-08-13T19:21:33.493+05:30,order_items.csv,ERP,batch_01
ITM-000356,ORD-00147,PROD-0024,5,402.36,168.23,147.49,2024-01-09 00:00:00,2026-08-13T19:21:33.493+05:30,order_items.csv,ERP,batch_01
ITM-000357,ORD-00147,PROD-0052,3,502.79,77.86,114.44,2024-01-09 00:00:00,2026-08-13T19:21:33.493+05:30,order_items.csv,ERP,batch_01
ITM-000358,ORD-00147,PROD-0027,1,310.4,16.35,23.52,2024-01-09 00:00:00,2026-08-13T19:21:33.493+05:30,order_items.csv,ERP,batch_01
ITM-000359,ORD-00148,PROD-0050,3,165.94,26.52,37.7,2024-01-15 04:00:00,2026-08-13T19:21:33.493+05:30,order_items.csv,ERP,batch_01
ITM-000360,ORD-00148,PROD-0050,4,165.94,88.58,46.01,2024-01-15 04:00:00,2026-08-13T19:21:33.493+05:30,order_items.csv,ERP,batch_01
ITM-000361,ORD-00149,PROD-0055,1,425.29,5.05,33.62,2024-01-13 06:00:00,2026-08-13T19:21:33.493+05:30,order_items.csv,ERP,batch_01
ITM-000362,ORD-00149,PROD-0022,2,309.11,29.07,47.13,2024-01-13 06:00:00,2026-08-13T19:21:33.493+05:30,order_items.csv,ERP,batch_01
ITM-000363,ORD-00149,PROD-0042,3,355.95,113.8,76.32,2024-01-13 06:00:00,2026-08-13T19:21:33.493+05:30,order_items.csv,ERP,batch_01
ITM-000364,ORD-00149,PROD-0039,4,379.98,61.84,116.65,2024-01-13 06:00:00,2026-08-13T19:21:33.493+05:30,order_items.csv,ERP,batch_01
ITM-000365,ORD-00150,PROD-0012,1,564.68,10.59,44.33,2024-02-09 02:00:00,2026-08-13T19:21:33.493+05:30,order_items.csv,ERP,batch_01
ITM-000366,ORD-00150,PROD-0016,3,666.37,282.01,137.37,2024-02-09 02:00:00,2026-08-13T19:21:33.493+05:30,order_items.csv,ERP,batch_01
ITM-000367,ORD-00151,PROD-0005,4,377.85,124.34,110.96,2024-01-15 15:00:00,2026-08-13T19:21:33.493+05:30,order_items.csv,ERP,batch_01
ITM-000368,ORD-00152,PROD-0006,4,107.73,20.0,32.87,2024-02-04 12:00:00,2026-08-13T19:21:33.493+05:30,order_items.csv,ERP,batch_01
ITM-000369,ORD-00152,PROD-0016,3,666.37,132.89,149.3,2024-02-04 12:00:00,2026-08-13T19:21:33.493+05:30,order_items.csv,ERP,batch_01
ITM-000370,ORD-00153,PROD-0056,3,480.47,186.86,100.36,2024-02-04 15:00:00,2026-08-13T19:21:33.493+05:30,order_items.csv,ERP,batch_01
ITM-000371,ORD-00153,PROD-0030,5,403.71,283.06,138.84,2024-02-04 15:00:00,2026-08-13T19:21:33.493+05:30,order_items.csv,ERP,batch_01
ITM-000372,ORD-00153,PROD-0036,4,428.31,34.72,134.28,2024-02-04 15:00:00,2026-08-13T19:21:33.493+05:30,order_items.csv,ERP,batch_01
ITM-000373,ORD-00154,PROD-0034,5,266.5,61.89,101.65,2024-01-14 04:00:00,2026-08-13T19:21:33.493+05:30,order_items.csv,ERP,batch_01
ITM-000374,ORD-00154,PROD-0035,2,393.28,94.94,55.33,2024-01-14 04:00:00,2026-08-13T19:21:33.493+05:30,order_items.csv,ERP,batch_01
ITM-000375,ORD-00154,PROD-0024,4,402.36,62.72,123.74,2024-01-14 04:00:00,2026-08-13T19:21:33.493+05:30,order_items.csv,ERP,batch_01
ITM-000376,ORD-00154,PROD-0001,5,32.3,19.75,11.34,2024-01-14 04:00:00,2026-08-13T19:21:33.493+05:30,order_items.csv,ERP,batch_01
ITM-000377,ORD-00155,PROD-0001,4,32.3,15.46,9.1,2024-02-05 10:00:00,2026-08-13T19:21:33.493+05:30,order_items.csv,ERP,batch_01
ITM-000378,ORD-00155,PROD-0039,2,379.98,90.83,53.53,2024-02-05 10:00:00,2026-08-13T19:21:33.493+05:30,order_items.csv,ERP,batch_01
ITM-000379,ORD-00155,PROD-0036,3,428.31,36.35,99.89,2024-02-05 10:00:00,2026-08-13T19:21:33.493+05:30,order_items.csv,ERP,batch_01
ITM-000380,ORD-00156,PROD-0015,3,150.54,5.37,35.7,2024-01-27 17:00:00,2026-08-13T19:21:33.493+05:30,order_items.csv,ERP,batch_01
ITM-000381,ORD-00156,PROD-0034,5,266.5,161.41,93.69,2024-01-27 17:00:00,2026-08-13T19:21:33.493+05:30,order_items.csv,ERP,batch_01
ITM-000382,ORD-00156,PROD-0019,5,101.24,61.41,35.58,2024-01-27 17:00:00,2026-08-13T19:21:33.493+05:30,order_items.csv,ERP,batch_01
ITM-000383,ORD-00156,PROD-0055,1,425.29,11.64,33.09,2024-01-27 17:00:00,2026-08-13T19:21:33.493+05:30,order_items.csv,ERP,batch_01
ITM-000384,ORD-00157,PROD-0013,3,702.72,6.13,168.16,2024-02-11 00:00:00,2026-08-13T19:21:33.493+05:30,order_items.csv,ERP,batch_01
ITM-000385,ORD-00157,PROD-0004,5,787.13,13.06,313.81,2024-02-11 00:00:00,2026-08-13T19:21:33.493+05:30,order_items.csv,ERP,batch_01
ITM-000386,ORD-00157,PROD-0007,3,59.89,7.25,13.79,2024-02-11 00:00:00,2026-08-13T19:21:33.493+05:30,order_items.csv,ERP,batch_01
ITM-000387,ORD-00157,PROD-0046,4,168.98,73.72,48.18,2024-02-11 00:00:00,2026-08-13T19:21:33.493+05:30,order_items.csv,ERP,batch_01
ITM-000388,ORD-00158,PROD-0027,3,310.4,109.75,65.72,2024-01-11 10:00:00,2026-08-13T19:21:33.493+05:30,order_items.csv,ERP,batch_01
ITM-000389,ORD-00158,PROD-0032,3,56.77,11.85,12.68,2024-01-11 10:00:00,2026-08-13T19:21:33.493+05:30,order_items.csv,ERP,batch_01
ITM-000390,ORD-00158,PROD-0051,1,470.26,23.3,35.76,2024-01-11 10:00:00,2026-08-13T19:21:33.493+05:30,order_items.csv,ERP,batch_01
ITM-000391,ORD-00159,PROD-0012,2,564.68,151.73,78.21,2024-01-05 18:00:00,2026-08-13T19:21:33.493+05:30,order_items.csv,ERP,batch_01
ITM-000392,ORD-00159,PROD-0017,4,387.29,192.46,108.54,2024-01-05 18:00:00,2026-08-13T19:21:33.493+05:30,order_items.csv,ERP,batch_01
ITM-000393,ORD-00159,PROD-0008,2,308.14,35.57,46.46,2024-01-05 18:00:00,2026-08-13T19:21:33.493+05:30,order_items.csv,ERP,batch_01
ITM-000394,ORD-00159,PROD-0029,2,323.43,71.57,46.02,2024-01-05 18:00:00,2026-08-13T19:21:33.493+05:30,order_items.csv,ERP,batch_01
ITM-000395,ORD-00160,PROD-0031,4,469.43,191.93,134.86,2024-02-01 09:00:00,2026-08-13T19:21:33.493+05:30,order_items.csv,ERP,batch_01
ITM-000396,ORD-00160,PROD-0020,3,446.28,31.85,104.56,2024-02-01 09:00:00,2026-08-13T19:21:33.493+05:30,order_items.csv,ERP,batch_01
ITM-000397,ORD-00161,PROD-0041,3,308.67,27.6,71.87,2024-02-07 02:00:00,2026-08-13T19:21:33.493+05:30,order_items.csv,ERP,batch_01
ITM-000398,ORD-00161,PROD-0057,1,666.33,86.32,46.4,2024-02-07 02:00:00,2026-08-13T19:21:33.493+05:30,order_items.csv,ERP,batch_01
ITM-000399,ORD-00161,PROD-0014,1,106.8,3.78,8.24,2024-02-07 02:00:00,2026-08-13T19:21:33.493+05:30,order_items.csv,ERP,batch_01
ITM-000400,ORD-00161,PROD-0028,3,532.55,3.61,127.52,2024-02-07 02:00:00,2026-08-13T19:21:33.493+05:30,order_items.csv,ERP,batch_01
ITM-000401,ORD-00162,PROD-0038,4,217.47,89.82,62.4,2024-01-09 22:00:00,2026-08-13T19:21:33.493+05:30,order_items.csv,ERP,batch_01
ITM-000402,ORD-00163,PROD-0060,1,209.1,1.87,16.58,2024-01-17 15:00:00,2026-08-13T19:21:33.493+05:30,order_items.csv,ERP,batch_01
ITM-000403,ORD-00163,PROD-0042,2,355.95,74.89,50.96,2024-01-17 15:00:00,2026-08-13T19:21:33.493+05:30,order_items.csv,ERP,batch_01
ITM-000404,ORD-00163,PROD-0051,1,470.26,8.88,36.91,2024-01-17 15:00:00,2026-08-13T19:21:33.493+05:30,order_items.csv,ERP,batch_01
ITM-000405,ORD-00164,PROD-0002,4,422.64,90.83,127.98,2024-02-07 06:00:00,2026-08-13T19:21:33.493+05:30,order_items.csv,ERP,batch_01
ITM-000406,ORD-00164,PROD-0009,3,206.06,83.33,42.79,2024-02-07 06:00:00,2026-08-13T19:21:33.493+05:30,order_items.csv,ERP,batch_01
ITM-000407,ORD-00165,PROD-0037,2,603.32,98.39,88.66,2024-02-06 19:00:00,2026-08-13T19:21:33.493+05:30,order_items.csv,ERP,batch_01
ITM-000408,ORD-00165,PROD-0018,5,328.3,225.17,113.31,2024-02-06 19:00:00,2026-08-13T19:21:33.493+05:30,order_items.csv,ERP,batch_01
ITM-000409,ORD-00166,PROD-0030,1,403.71,46.99,28.54,2024-01-12 00:00:00,2026-08-13T19:21:33.493+05:30,order_items.csv,ERP,batch_01
ITM-000410,ORD-00166,PROD-0033,4,339.92,149.63,96.8,2024-01-12 00:00:00,2026-08-13T19:21:33.493+05:30,order_items.csv,ERP,batch_01
ITM-000411,ORD-00166,PROD-0057,1,666.33,61.94,48.35,2024-01-12 00:00:00,2026-08-13T19:21:33.493+05:30,order_items.csv,ERP,batch_01
ITM-000412,ORD-00167,PROD-0013,5,702.72,360.09,252.28,2024-01-17 20:00:00,2026-08-13T19:21:33.493+05:30,order_items.csv,ERP,batch_01
ITM-000413,ORD-00167,PROD-0050,5,165.94,19.18,64.84,2024-01-17 20:00:00,2026-08-13T19:21:33.493+05:30,order_items.csv,ERP,batch_01
ITM-000414,ORD-00167,PROD-0019,3,101.24,18.67,22.8,2024-01-17 20:00:00,2026-08-13T19:21:33.493+05:30,order_items.csv,ERP,batch_01
ITM-000415,ORD-00167,PROD-0021,1,704.47,10.17,55.54,2024-01-17 20:00:00,2026-08-13T19:21:33.493+05:30,order_items.csv,ERP,batch_01
ITM-000416,ORD-00168,PROD-0007,4,59.89,6.89,18.61,2024-01-04 14:00:00,2026-08-13T19:21:33.493+05:30,order_items.csv,ERP,batch_01
ITM-000417,ORD-00168,PROD-0034,5,266.5,140.18,95.39,2024-01-04 14:00:00,2026-08-13T19:21:33.493+05:30,order_items.csv,ERP,batch_01
ITM-000418,ORD-00169,PROD-0042,4,355.95,198.28,98.04,2024-02-10 08:00:00,2026-08-13T19:21:33.493+05:30,order_items.csv,ERP,batch_01
ITM-000419,ORD-00169,PROD-0054,1,317.91,22.32,23.65,2024-02-10 08:00:00,2026-08-13T19:21:33.493+05:30,order_items.csv,ERP,batch_01
ITM-000420,ORD-00170,PROD-0053,5,573.78,114.39,220.36,2024-01-26 03:00:00,2026-08-13T19:21:33.493+05:30,order_items.csv,ERP,batch_01
ITM-000421,ORD-00171,PROD-0007,2,59.89,9.55,8.82,2024-01-21 12:00:00,2026-08-13T19:21:33.493+05:30,order_items.csv,ERP,batch_01
ITM-000422,ORD-00172,PROD-0048,1,273.24,31.41,19.35,2024-02-08 06:00:00,2026-08-13T19:21:33.493+05:30,order_items.csv,ERP,batch_01
ITM-000423,ORD-00172,PROD-0044,4,113.49,47.84,32.49,2024-02-08 06:00:00,2026-08-13T19:21:33.493+05:30,order_items.csv,ERP,batch_01
ITM-000424,ORD-00172,PROD-0007,2,59.89,14.24,8.44,2024-02-08 06:00:00,2026-08-13T19:21:33.493+05:30,order_items.csv,ERP,batch_01
ITM-000425,ORD-00172,PROD-0033,3,339.92,100.58,73.53,2024-02-08 06:00:00,2026-08-13T19:21:33.493+05:30,order_items.csv,ERP,batch_01
ITM-000426,ORD-00173,PROD-0027,4,310.4,153.86,87.02,2024-01-24 20:00:00,2026-08-13T19:21:33.493+05:30,order_items.csv,ERP,batch_01
ITM-000427,ORD-00173,PROD-0037,5,603.32,96.8,233.58,2024-01-24 20:00:00,2026-08-13T19:21:33.493+05:30,order_items.csv,ERP,batch_01
ITM-000428,ORD-00173,PROD-0024,4,402.36,108.03,120.11,2024-01-24 20:00:00,2026-08-13T19:21:33.493+05:30,order_items.csv,ERP,batch_01
ITM-000429,ORD-00174,PROD-0057,3,666.33,1.97,159.76,2024-01-21 05:00:00,2026-08-13T19:21:33.493+05:30,order_items.csv,ERP,batch_01
ITM-000430,ORD-00174,PROD-0015,2,150.54,38.65,20.99,2024-01-21 05:00:00,2026-08-13T19:21:33.493+05:30,order_items.csv,ERP,batch_01
ITM-000431,ORD-00175,PROD-0007,1,59.89,4.14,4.46,2024-02-07 02:00:00,2026-08-13T19:21:33.493+05:30,order_items.csv,ERP,batch_01
ITM-000432,ORD-00175,PROD-0017,3,387.29,155.04,80.55,2024-02-07 02:00:00,2026-08-13T19:21:33.493+05:30,order_items.csv,ERP,batch_01
ITM-000433,ORD-00176,PROD-0047,1,504.71,54.78,35.99,2024-01-08 04:00:00,2026-08-13T19:21:33.493+05:30,order_items.csv,ERP,batch_01
ITM-000434,ORD-00176,PROD-0051,4,470.26,48.79,146.58,2024-01-08 04:00:00,2026-08-13T19:21:33.493+05:30,order_items.csv,ERP,batch_01
ITM-000435,ORD-00177,PROD-0006,1,107.73,14.9,7.43,2024-01-09 05:00:00,2026-08-13T19:21:33.493+05:30,order_items.csv,ERP,batch_01
ITM-000436,ORD-00177,PROD-0022,3,309.11,122.38,64.4,2024-01-09 05:00:00,2026-08-13T19:21:33.493+05:30,order_items.csv,ERP,batch_01
ITM-000437,ORD-00177,PROD-0028,4,532.55,297.24,146.64,2024-01-09 05:00:00,2026-08-13T19:21:33.493+05:30,order_items.csv,ERP,batch_01
ITM-000438,ORD-00177,PROD-0008,2,308.14,69.12,43.77,2024-01-09 05:00:00,2026-08-13T19:21:33.493+05:30,order_items.csv,ERP,batch_01
ITM-000439,ORD-00178,PROD-0021,5,704.47,298.47,257.91,2024-01-26 11:00:00,2026-08-13T19:21:33.493+05:30,order_items.csv,ERP,batch_01
ITM-000440,ORD-00179,PROD-0049,5,269.98,116.48,98.67,2024-01-16 14:00:00,2026-08-13T19:21:33.493+05:30,order_items.csv,ERP,batch_01
ITM-000441,ORD-00179,PROD-0006,2,107.73,13.96,16.12,2024-01-16 14:00:00,2026-08-13T19:21:33.493+05:30,order_items.csv,ERP,batch_01
ITM-000442,ORD-00179,PROD-0051,4,470.26,41.76,147.14,2024-01-16 14:00:00,2026-08-13T19:21:33.493+05:30,order_items.csv,ERP,batch_01
ITM-000443,ORD-00179,PROD-0022,1,309.11,22.06,22.96,2024-01-16 14:00:00,2026-08-13T19:21:33.493+05:30,order_items.csv,ERP,batch_01
ITM-000444,ORD-00180,PROD-0033,4,339.92,157.82,96.15,2024-02-06 22:00:00,2026-08-13T19:21:33.493+05:30,order_items.csv,ERP,batch_01
ITM-000445,ORD-00180,PROD-0009,2,206.06,29.73,30.59,2024-02-06 22:00:00,2026-08-13T19:21:33.493+05:30,order_items.csv,ERP,batch_01
ITM-000446,ORD-00180,PROD-0013,4,702.72,166.68,211.54,2024-02-06 22:00:00,2026-08-13T19:21:33.493+05:30,order_items.csv,ERP,batch_01
ITM-000447,ORD-00180,PROD-0037,2,603.32,101.57,88.41,2024-02-06 22:00:00,2026-08-13T19:21:33.493+05:30,order_items.csv,ERP,batch_01
ITM-000448,ORD-00181,PROD-0021,5,704.47,47.34,278.0,2024-01-17 17:00:00,2026-08-13T19:21:33.493+05:30,order_items.csv,ERP,batch_01
ITM-000449,ORD-00181,PROD-0043,4,229.48,58.32,68.77,2024-01-17 17:00:00,2026-08-13T19:21:33.493+05:30,order_items.csv,ERP,batch_01
ITM-000450,ORD-00181,PROD-0023,2,689.9,66.38,105.07,2024-01-17 17:00:00,2026-08-13T19:21:33.493+05:30,order_items.csv,ERP,batch_01
ITM-000451,ORD-00181,PROD-0039,1,379.98,43.87,26.89,2024-01-17 17:00:00,2026-08-13T19:21:33.493+05:30,order_items.csv,ERP,batch_01
ITM-000452,ORD-00182,PROD-0003,2,219.21,13.13,34.02,2024-02-11 00:00:00,2026-08-13T19:21:33.493+05:30,order_items.csv,ERP,batch_01
ITM-000453,ORD-00182,PROD-0049,1,269.98,4.55,21.23,2024-02-11 00:00:00,2026-08-13T19:21:33.493+05:30,order_items.csv,ERP,batch_01
ITM-000454,ORD-00182,PROD-0040,2,605.15,157.72,84.21,2024-02-11 00:00:00,2026-08-13T19:21:33.493+05:30,order_items.csv,ERP,batch_01
ITM-000455,ORD-00182,PROD-0022,1,309.11,14.15,23.6,2024-02-11 00:00:00,2026-08-13T19:21:33.493+05:30,order_items.csv,ERP,batch_01
ITM-000456,ORD-00183,PROD-0036,4,428.31,160.11,124.25,2024-02-05 16:00:00,2026-08-13T19:21:33.493+05:30,order_items.csv,ERP,batch_01
ITM-000457,ORD-00183,PROD-0045,1,443.87,25.07,33.5,2024-02-05 16:00:00,2026-08-13T19:21:33.493+05:30,order_items.csv,ERP,batch_01
ITM-000458,ORD-00183,PROD-0034,1,266.5,10.21,20.5,2024-02-05 16:00:00,2026-08-13T19:21:33.493+05:30,order_items.csv,ERP,batch_01
ITM-000459,ORD-00184,PROD-0056,1,480.47,1.37,38.33,2024-01-02 12:00:00,2026-08-13T19:21:33.493+05:30,order_items.csv,ERP,batch_01
ITM-000460,ORD-00184,PROD-0056,4,480.47,66.64,148.42,2024-01-02 12:00:00,2026-08-13T19:21:33.493+05:30,order_items.csv,ERP,batch_01
ITM-000461,ORD-00184,PROD-0025,5,542.08,397.05,185.07,2024-01-02 12:00:00,2026-08-13T19:21:33.493+05:30,order_items.csv,ERP,batch_01
ITM-000462,ORD-00185,PROD-0013,5,702.72,509.54,240.32,2024-02-03 05:00:00,2026-08-13T19:21:33.493+05:30,order_items.csv,ERP,batch_01
ITM-000463,ORD-00185,PROD-0003,2,219.21,60.65,30.22,2024-02-03 05:00:00,2026-08-13T19:21:33.493+05:30,order_items.csv,ERP,batch_01
ITM-000464,ORD-00186,PROD-0041,3,308.67,32.81,71.46,2024-01-12 10:00:00,2026-08-13T19:21:33.493+05:30,order_items.csv,ERP,batch_01
ITM-000465,ORD-00186,PROD-0033,3,339.92,124.19,71.65,2024-01-12 10:00:00,2026-08-13T19:21:33.493+05:30,order_items.csv,ERP,batch_01
ITM-000466,ORD-00186,PROD-0041,3,308.67,122.05,64.32,2024-01-12 10:00:00,2026-08-13T19:21:33.493+05:30,order_items.csv,ERP,batch_01
ITM-000467,ORD-00187,PROD-0043,2,229.48,6.04,36.23,2024-01-19 17:00:00,2026-08-13T19:21:33.493+05:30,order_items.csv,ERP,batch_01
ITM-000468,ORD-00187,PROD-0044,5,113.49,74.28,39.45,2024-01-19 17:00:00,2026-08-13T19:21:33.493+05:30,order_items.csv,ERP,batch_01
ITM-000469,ORD-00187,PROD-0027,2,310.4,53.35,45.4,2024-01-19 17:00:00,2026-08-13T19:21:33.493+05:30,order_items.csv,ERP,batch_01
ITM-000470,ORD-00187,PROD-0020,5,446.28,110.21,169.7,2024-01-19 17:00:00,2026-08-13T19:21:33.493+05:30,order_items.csv,ERP,batch_01
ITM-000471,ORD-00188,PROD-0045,5,443.87,302.8,153.32,2024-02-09 03:00:00,2026-08-13T19:21:33.493+05:30,order_items.csv,ERP,batch_01
ITM-000472,ORD-00188,PROD-0059,2,65.98,12.99,9.52,2024-02-09 03:00:00,2026-08-13T19:21:33.493+05:30,order_items.csv,ERP,batch_01
ITM-000473,ORD-00188,PROD-0011,3,664.57,20.28,157.87,2024-02-09 03:00:00,2026-08-13T19:21:33.493+05:30,order_items.csv,ERP,batch_01
ITM-000474,ORD-00189,PROD-0057,4,666.33,384.28,182.48,2024-01-13 20:00:00,2026-08-13T19:21:33.493+05:30,order_items.csv,ERP,batch_01
ITM-000475,ORD-00189,PROD-0048,3,273.24,18.68,64.08,2024-01-13 20:00:00,2026-08-13T19:21:33.493+05:30,order_items.csv,ERP,batch_01
ITM-000476,ORD-00189,PROD-0009,2,206.06,1.62,32.84,2024-01-13 20:00:00,2026-08-13T19:21:33.493+05:30,order_items.csv,ERP,batch_01
ITM-000477,ORD-00190,PROD-0015,1,150.54,8.11,11.39,2024-02-10 04:00:00,2026-08-13T19:21:33.493+05:30,order_items.csv,ERP,batch_01
ITM-000478,ORD-00190,PROD-0033,5,339.92,119.51,126.41,2024-02-10 04:00:00,2026-08-13T19:21:33.493+05:30,order_items.csv,ERP,batch_01
ITM-000479,ORD-00191,PROD-0003,4,219.21,100.56,62.1,2024-02-01 14:00:00,2026-08-13T19:21:33.493+05:30,order_items.csv,ERP,batch_01
ITM-000480,ORD-00191,PROD-0015,2,150.54,34.22,21.35,2024-02-01 14:00:00,2026-08-13T19:21:33.493+05:30,order_items.csv,ERP,batch_01
ITM-000481,ORD-00192,PROD-0039,4,379.98,164.2,108.46,2024-01-31 17:00:00,2026-08-13T19:21:33.493+05:30,order_items.csv,ERP,batch_01
ITM-000482,ORD-00193,PROD-0034,1,266.5,18.05,19.88,2024-02-08 05:00:00,2026-08-13T19:21:33.493+05:30,order_items.csv,ERP,batch_01
ITM-000483,ORD-00194,PROD-0034,1,266.5,7.59,20.71,2024-01-28 09:00:00,2026-08-13T19:21:33.493+05:30,order_items.csv,ERP,batch_01
ITM-000484,ORD-00194,PROD-0029,4,323.43,171.62,89.77,2024-01-28 09:00:00,2026-08-13T19:21:33.493+05:30,order_items.csv,ERP,batch_01
ITM-000485,ORD-00194,PROD-0050,3,165.94,34.45,37.07,2024-01-28 09:00:00,2026-08-13T19:21:33.493+05:30,order_items.csv,ERP,batch_01
ITM-000486,ORD-00194,PROD-0028,3,532.55,146.94,116.06,2024-01-28 09:00:00,2026-08-13T19:21:33.493+05:30,order_items.csv,ERP,batch_01
ITM-000487,ORD-00195,PROD-0012,5,564.68,397.19,194.1,2024-01-12 00:00:00,2026-08-13T19:21:33.493+05:30,order_items.csv,ERP,batch_01
ITM-000488,ORD-00196,PROD-0002,2,422.64,57.52,63.02,2024-01-10 22:00:00,2026-08-13T19:21:33.493+05:30,order_items.csv,ERP,batch_01
ITM-000489,ORD-00196,PROD-0058,2,490.64,129.9,68.11,2024-01-10 22:00:00,2026-08-13T19:21:33.493+05:30,order_items.csv,ERP,batch_01
ITM-000490,ORD-00196,PROD-0006,3,107.73,15.71,24.6,2024-01-10 22:00:00,2026-08-13T19:21:33.493+05:30,order_items.csv,ERP,batch_01
ITM-000491,ORD-00196,PROD-0042,2,355.95,76.71,50.82,2024-01-10 22:00:00,2026-08-13T19:21:33.493+05:30,order_items.csv,ERP,batch_01
ITM-000492,ORD-00197,PROD-0034,4,266.5,116.23,75.98,2024-01-10 08:00:00,2026-08-13T19:21:33.493+05:30,order_items.csv,ERP,batch_01
ITM-000493,ORD-00198,PROD-0050,2,165.94,45.41,22.92,2024-01-12 22:00:00,2026-08-13T19:21:33.493+05:30,order_items.csv,ERP,batch_01
ITM-000494,ORD-00199,PROD-0020,4,446.28,77.33,136.62,2024-01-14 08:00:00,2026-08-13T19:21:33.493+05:30,order_items.csv,ERP,batch_01
ITM-000495,ORD-00199,PROD-0012,1,564.68,76.11,39.09,2024-01-14 08:00:00,2026-08-13T19:21:33.493+05:30,order_items.csv,ERP,batch_01
ITM-000496,ORD-00199,PROD-0013,1,702.72,65.62,50.97,2024-01-14 08:00:00,2026-08-13T19:21:33.493+05:30,order_items.csv,ERP,batch_01
ITM-000497,ORD-00200,PROD-0039,4,379.98,54.23,117.26,2024-02-01 01:00:00,2026-08-13T19:21:33.493+05:30,order_items.csv,ERP,batch_01
ITM-000498,ORD-00201,PROD-0016,5,666.37,138.99,255.43,2024-01-31 23:00:00,2026-08-13T19:21:33.493+05:30,order_items.csv,ERP,batch_01
ITM-000499,ORD-00202,PROD-0042,3,355.95,5.88,84.96,2024-01-15 11:00:00,2026-08-13T19:21:33.493+05:30,order_items.csv,ERP,batch_01
ITM-000500,ORD-00203,PROD-0007,4,59.89,35.71,16.31,2024-02-09 19:00:00,2026-08-13T19:21:33.493+05:30,order_items.csv,ERP,batch_01
ITM-000501,ORD-00204,PROD-0030,5,403.71,109.06,152.76,2024-02-11 07:00:00,2026-08-13T19:21:33.493+05:30,order_items.csv,ERP,batch_01
ITM-000502,ORD-00204,PROD-0050,3,165.94,24.11,37.9,2024-02-11 07:00:00,2026-08-13T19:21:33.493+05:30,order_items.csv,ERP,batch_01
ITM-000503,ORD-00205,PROD-0008,3,308.14,45.65,70.3,2024-02-06 12:00:00,2026-08-13T19:21:33.493+05:30,order_items.csv,ERP,batch_01
ITM-000504,ORD-00205,PROD-0027,5,310.4,48.85,120.25,2024-02-06 12:00:00,2026-08-13T19:21:33.493+05:30,order_items.csv,ERP,batch_01
ITM-000505,ORD-00206,PROD-0031,5,469.43,328.8,161.47,2024-01-05 13:00:00,2026-08-13T19:21:33.493+05:30,order_items.csv,ERP,batch_01
ITM-000506,ORD-00207,PROD-0060,2,209.1,38.53,30.37,2024-01-19 02:00:00,2026-08-13T19:21:33.493+05:30,order_items.csv,ERP,batch_01
ITM-000507,ORD-00207,PROD-0032,2,56.77,15.05,7.88,2024-01-19 02:00:00,2026-08-13T19:21:33.493+05:30,order_items.csv,ERP,batch_01
ITM-000508,ORD-00207,PROD-0013,1,702.72,12.46,55.22,2024-01-19 02:00:00,2026-08-13T19:21:33.493+05:30,order_items.csv,ERP,batch_01
ITM-000509,ORD-00208,PROD-0023,5,689.9,417.07,242.59,2024-02-10 23:00:00,2026-08-13T19:21:33.493+05:30,order_items.csv,ERP,batch_01
ITM-000510,ORD-00208,PROD-0014,1,106.8,10.26,7.72,2024-02-10 23:00:00,2026-08-13T19:21:33.493+05:30,order_items.csv,ERP,batch_01
ITM-000511,ORD-00208,PROD-0045,3,443.87,50.82,102.46,2024-02-10 23:00:00,2026-08-13T19:21:33.493+05:30,order_items.csv,ERP,batch_01
ITM-000512,ORD-00209,PROD-0008,3,308.14,47.33,70.17,2024-01-22 02:00:00,2026-08-13T19:21:33.493+05:30,order_items.csv,ERP,batch_01
ITM-000513,ORD-00210,PROD-0042,2,355.95,51.42,52.84,2024-01-23 20:00:00,2026-08-13T19:21:33.493+05:30,order_items.csv,ERP,batch_01
ITM-000514,ORD-00211,PROD-0054,5,317.91,71.37,121.45,2024-02-05 20:00:00,2026-08-13T19:21:33.493+05:30,order_items.csv,ERP,batch_01
ITM-000515,ORD-00212,PROD-0052,3,502.79,14.98,119.47,2024-02-07 03:00:00,2026-08-13T19:21:33.493+05:30,order_items.csv,ERP,batch_01
ITM-000516,ORD-00212,PROD-0010,3,133.78,50.61,28.06,2024-02-07 03:00:00,2026-08-13T19:21:33.493+05:30,order_items.csv,ERP,batch_01
ITM-000517,ORD-00212,PROD-0022,4,309.11,116.2,89.62,2024-02-07 03:00:00,2026-08-13T19:21:33.493+05:30,order_items.csv,ERP,batch_01
ITM-000518,ORD-00213,PROD-0056,3,480.47,152.49,103.11,2024-02-09 22:00:00,2026-08-13T19:21:33.493+05:30,order_items.csv,ERP,batch_01
ITM-000519,ORD-00214,PROD-0029,3,323.43,31.46,75.11,2024-01-28 12:00:00,2026-08-13T19:21:33.493+05:30,order_items.csv,ERP,batch_01
ITM-000520,ORD-00214,PROD-0020,2,446.28,15.03,70.2,2024-01-28 12:00:00,2026-08-13T19:21:33.493+05:30,order_items.csv,ERP,batch_01
ITM-000521,ORD-00214,PROD-0051,1,470.26,54.86,33.23,2024-01-28 12:00:00,2026-08-13T19:21:33.493+05:30,order_items.csv,ERP,batch_01
ITM-000522,ORD-00215,PROD-0013,3,702.72,292.08,145.29,2024-02-03 10:00:00,2026-08-13T19:21:33.493+05:30,order_items.csv,ERP,batch_01
ITM-000523,ORD-00215,PROD-0047,5,504.71,117.48,192.49,2024-02-03 10:00:00,2026-08-13T19:21:33.493+05:30,order_items.csv,ERP,batch_01
ITM-000524,ORD-00216,PROD-0030,4,403.71,172.87,115.36,2024-01-09 02:00:00,2026-08-13T19:21:33.493+05:30,order_items.csv,ERP,batch_01
ITM-000525,ORD-00217,PROD-0030,1,403.71,6.24,31.8,2024-01-05 07:00:00,2026-08-13T19:21:33.493+05:30,order_items.csv,ERP,batch_01
ITM-000526,ORD-00217,PROD-0037,3,603.32,173.44,130.92,2024-01-05 07:00:00,2026-08-13T19:21:33.493+05:30,order_items.csv,ERP,batch_01
ITM-000527,ORD-00217,PROD-0013,2,702.72,60.41,107.6,2024-01-05 07:00:00,2026-08-13T19:21:33.493+05:30,order_items.csv,ERP,batch_01
ITM-000528,ORD-00218,PROD-0008,1,308.14,44.29,21.11,2024-01-09 18:00:00,2026-08-13T19:21:33.493+05:30,order_items.csv,ERP,batch_01
ITM-000529,ORD-00218,PROD-0007,2,59.89,9.75,8.8,2024-01-09 18:00:00,2026-08-13T19:21:33.493+05:30,order_items.csv,ERP,batch_01
ITM-000530,ORD-00218,PROD-0018,2,328.3,92.9,45.1,2024-01-09 18:00:00,2026-08-13T19:21:33.493+05:30,order_items.csv,ERP,batch_01
ITM-000531,ORD-00219,PROD-0035,4,393.28,11.97,124.89,2024-01-12 12:00:00,2026-08-13T19:21:33.493+05:30,order_items.csv,ERP,batch_01
ITM-000532,ORD-00219,PROD-0002,4,422.64,229.06,116.92,2024-01-12 12:00:00,2026-08-13T19:21:33.493+05:30,order_items.csv,ERP,batch_01
ITM-000533,ORD-00219,PROD-0004,1,787.13,45.29,59.35,2024-01-12 12:00:00,2026-08-13T19:21:33.493+05:30,order_items.csv,ERP,batch_01
ITM-000534,ORD-00220,PROD-0040,3,605.15,85.08,138.43,2024-01-27 15:00:00,2026-08-13T19:21:33.493+05:30,order_items.csv,ERP,batch_01
ITM-000535,ORD-00220,PROD-0060,4,209.1,71.23,61.21,2024-01-27 15:00:00,2026-08-13T19:21:33.493+05:30,order_items.csv,ERP,batch_01
ITM-000536,ORD-00220,PROD-0007,4,59.89,11.15,18.27,2024-01-27 15:00:00,2026-08-13T19:21:33.493+05:30,order_items.csv,ERP,batch_01
ITM-000537,ORD-00220,PROD-0015,2,150.54,6.49,23.57,2024-01-27 15:00:00,2026-08-13T19:21:33.493+05:30,order_items.csv,ERP,batch_01
ITM-000538,ORD-00221,PROD-0032,1,56.77,0.56,4.5,2024-01-14 08:00:00,2026-08-13T19:21:33.493+05:30,order_items.csv,ERP,batch_01
ITM-000539,ORD-00221,PROD-0008,3,308.14,66.37,68.64,2024-01-14 08:00:00,2026-08-13T19:21:33.493+05:30,order_items.csv,ERP,batch_01
ITM-000540,ORD-00221,PROD-0055,2,425.29,36.01,65.17,2024-01-14 08:00:00,2026-08-13T19:21:33.493+05:30,order_items.csv,ERP,batch_01
ITM-000541,ORD-00221,PROD-0023,5,689.9,297.35,252.17,2024-01-14 08:00:00,2026-08-13T19:21:33.493+05:30,order_items.csv,ERP,batch_01
ITM-000542,ORD-00222,PROD-0051,3,470.26,112.74,103.84,2024-01-28 08:00:00,2026-08-13T19:21:33.493+05:30,order_items.csv,ERP,batch_01
ITM-000543,ORD-00223,PROD-0031,4,469.43,18.61,148.73,2024-01-28 17:00:00,2026-08-13T19:21:33.493+05:30,order_items.csv,ERP,batch_01
ITM-000544,ORD-00223,PROD-0051,4,470.26,160.04,137.68,2024-01-28 17:00:00,2026-08-13T19:21:33.493+05:30,order_items.csv,ERP,batch_01
ITM-000545,ORD-00224,PROD-0021,5,704.47,51.6,277.66,2024-02-08 01:00:00,2026-08-13T19:21:33.493+05:30,order_items.csv,ERP,batch_01
ITM-000546,ORD-00224,PROD-0029,2,323.43,29.89,49.36,2024-02-08 01:00:00,2026-08-13T19:21:33.493+05:30,order_items.csv,ERP,batch_01
ITM-000547,ORD-00224,PROD-0026,1,82.97,7.45,6.04,2024-02-08 01:00:00,2026-08-13T19:21:33.493+05:30,order_items.csv,ERP,batch_01
ITM-000548,ORD-00224,PROD-0044,5,113.49,65.65,40.14,2024-02-08 01:00:00,2026-08-13T19:21:33.493+05:30,order_items.csv,ERP,batch_01
ITM-000549,ORD-00225,PROD-0053,2,573.78,152.73,79.59,2024-02-03 06:00:00,2026-08-13T19:21:33.493+05:30,order_items.csv,ERP,batch_01
ITM-000550,ORD-00225,PROD-0058,1,490.64,55.72,34.79,2024-02-03 06:00:00,2026-08-13T19:21:33.493+05:30,order_items.csv,ERP,batch_01
ITM-000551,ORD-00226,PROD-0013,2,702.72,143.67,100.94,2024-01-31 03:00:00,2026-08-13T19:21:33.493+05:30,order_items.csv,ERP,batch_01
ITM-000552,ORD-00226,PROD-0021,3,704.47,180.78,154.61,2024-01-31 03:00:00,2026-08-13T19:21:33.493+05:30,order_items.csv,ERP,batch_01
ITM-000553,ORD-00226,PROD-0059,3,65.98,27.27,13.65,2024-01-31 03:00:00,2026-08-13T19:21:33.493+05:30,order_items.csv,ERP,batch_01
ITM-000554,ORD-00226,PROD-0060,4,209.1,90.05,59.71,2024-01-31 03:00:00,2026-08-13T19:21:33.493+05:30,order_items.csv,ERP,batch_01
ITM-000555,ORD-00227,PROD-0055,2,425.29,108.77,59.34,2024-02-08 10:00:00,2026-08-13T19:21:33.493+05:30,order_items.csv,ERP,batch_01
ITM-000556,ORD-00227,PROD-0058,5,490.64,356.17,167.76,2024-02-08 10:00:00,2026-08-13T19:21:33.493+05:30,order_items.csv,ERP,batch_01
ITM-000557,ORD-00227,PROD-0008,3,308.14,120.04,64.35,2024-02-08 10:00:00,2026-08-13T19:21:33.493+05:30,order_items.csv,ERP,batch_01
ITM-000558,ORD-00227,PROD-0045,5,443.87,131.25,167.05,2024-02-08 10:00:00,2026-08-13T19:21:33.493+05:30,order_items.csv,ERP,batch_01
ITM-000559,ORD-00228,PROD-0009,2,206.06,34.34,30.22,2024-01-30 03:00:00,2026-08-13T19:21:33.493+05:30,order_items.csv,ERP,batch_01
ITM-000560,ORD-00228,PROD-0024,4,402.36,37.24,125.78,2024-01-30 03:00:00,2026-08-13T19:21:33.493+05:30,order_items.csv,ERP,batch_01
ITM-000561,ORD-00228,PROD-0043,2,229.48,9.24,35.98,2024-01-30 03:00:00,2026-08-13T19:21:33.493+05:30,order_items.csv,ERP,batch_01
ITM-000562,ORD-00228,PROD-0047,4,504.71,199.24,145.57,2024-01-30 03:00:00,2026-08-13T19:21:33.493+05:30,order_items.csv,ERP,batch_01
ITM-000563,ORD-00229,PROD-0040,2,605.15,82.49,90.22,2024-01-11 06:00:00,2026-08-13T19:21:33.493+05:30,order_items.csv,ERP,batch_01
ITM-000564,ORD-00229,PROD-0028,5,532.55,327.55,186.82,2024-01-11 06:00:00,2026-08-13T19:21:33.493+05:30,order_items.csv,ERP,batch_01
ITM-000565,ORD-00229,PROD-0025,3,542.08,55.07,125.69,2024-01-11 06:00:00,2026-08-13T19:21:33.493+05:30,order_items.csv,ERP,batch_01
ITM-000566,ORD-00229,PROD-0028,5,532.55,2.97,212.78,2024-01-11 06:00:00,2026-08-13T19:21:33.493+05:30,order_items.csv,ERP,batch_01
ITM-000567,ORD-00230,PROD-0003,1,219.21,18.68,16.04,2024-02-03 18:00:00,2026-08-13T19:21:33.493+05:30,order_items.csv,ERP,batch_01
ITM-000568,ORD-00230,PROD-0046,3,168.98,8.61,39.87,2024-02-03 18:00:00,2026-08-13T19:21:33.493+05:30,order_items.csv,ERP,batch_01
ITM-000569,ORD-00230,PROD-0031,1,469.43,10.01,36.75,2024-02-03 18:00:00,2026-08-13T19:21:33.493+05:30,order_items.csv,ERP,batch_01
ITM-000570,ORD-00231,PROD-0016,4,666.37,252.15,193.07,2024-01-20 00:00:00,2026-08-13T19:21:33.493+05:30,order_items.csv,ERP,batch_01
ITM-000571,ORD-00232,PROD-0033,4,339.92,117.06,99.41,2024-01-24 03:00:00,2026-08-13T19:21:33.493+05:30,order_items.csv,ERP,batch_01
ITM-000572,ORD-00232,PROD-0022,4,309.11,65.45,93.68,2024-01-24 03:00:00,2026-08-13T19:21:33.493+05:30,order_items.csv,ERP,batch_01
ITM-000573,ORD-00232,PROD-0052,3,502.79,65.44,115.43,2024-01-24 03:00:00,2026-08-13T19:21:33.493+05:30,order_items.csv,ERP,batch_01
ITM-000574,ORD-00232,PROD-0003,5,219.21,123.21,77.83,2024-01-24 03:00:00,2026-08-13T19:21:33.493+05:30,order_items.csv,ERP,batch_01
ITM-000575,ORD-00233,PROD-0037,1,603.32,59.4,43.51,2024-01-18 11:00:00,2026-08-13T19:21:33.493+05:30,order_items.csv,ERP,batch_01
ITM-000576,ORD-00233,PROD-0019,5,101.24,2.07,40.33,2024-01-18 11:00:00,2026-08-13T19:21:33.493+05:30,order_items.csv,ERP,batch_01
ITM-000577,ORD-00234,PROD-0009,5,206.06,43.42,78.95,2024-01-11 02:00:00,2026-08-13T19:21:33.493+05:30,order_items.csv,ERP,batch_01
ITM-000578,ORD-00234,PROD-0055,3,425.29,2.72,101.85,2024-01-11 02:00:00,2026-08-13T19:21:33.493+05:30,order_items.csv,ERP,batch_01
ITM-000579,ORD-00234,PROD-0008,5,308.14,40.35,120.03,2024-01-11 02:00:00,2026-08-13T19:21:33.493+05:30,order_items.csv,ERP,batch_01
ITM-000580,ORD-00235,PROD-0032,2,56.77,13.61,7.99,2024-01-30 21:00:00,2026-08-13T19:21:33.493+05:30,order_items.csv,ERP,batch_01
ITM-000581,ORD-00235,PROD-0022,1,309.11,44.85,21.14,2024-01-30 21:00:00,2026-08-13T19:21:33.493+05:30,order_items.csv,ERP,batch_01
ITM-000582,ORD-00236,PROD-0014,5,106.8,58.82,38.01,2024-01-28 22:00:00,2026-08-13T19:21:33.493+05:30,order_items.csv,ERP,batch_01
ITM-000583,ORD-00236,PROD-0042,3,355.95,121.01,75.75,2024-01-28 22:00:00,2026-08-13T19:21:33.493+05:30,order_items.csv,ERP,batch_01
ITM-000584,ORD-00237,PROD-0025,4,542.08,154.36,161.12,2024-01-28 01:00:00,2026-08-13T19:21:33.493+05:30,order_items.csv,ERP,batch_01
ITM-000585,ORD-00237,PROD-0010,5,133.78,87.32,46.53,2024-01-28 01:00:00,2026-08-13T19:21:33.493+05:30,order_items.csv,ERP,batch_01
ITM-000586,ORD-00238,PROD-0007,5,59.89,28.63,21.67,2024-01-30 22:00:00,2026-08-13T19:21:33.493+05:30,order_items.csv,ERP,batch_01
ITM-000587,ORD-00239,PROD-0017,5,387.29,113.62,145.83,2024-01-19 20:00:00,2026-08-13T19:21:33.493+05:30,order_items.csv,ERP,batch_01
ITM-000588,ORD-00240,PROD-0021,5,704.47,5.59,281.34,2024-02-08 16:00:00,2026-08-13T19:21:33.493+05:30,order_items.csv,ERP,batch_01
ITM-000589,ORD-00240,PROD-0001,4,32.3,1.89,10.18,2024-02-08 16:00:00,2026-08-13T19:21:33.493+05:30,order_items.csv,ERP,batch_01
ITM-000590,ORD-00241,PROD-0040,1,605.15,5.16,48.0,2024-01-20 18:00:00,2026-08-13T19:21:33.493+05:30,order_items.csv,ERP,batch_01
ITM-000591,ORD-00242,PROD-0025,5,542.08,326.55,190.71,2024-01-10 08:00:00,2026-08-13T19:21:33.493+05:30,order_items.csv,ERP,batch_01
ITM-000592,ORD-00242,PROD-0012,1,564.68,58.92,40.46,2024-01-10 08:00:00,2026-08-13T19:21:33.493+05:30,order_items.csv,ERP,batch_01
ITM-000593,ORD-00243,PROD-0050,4,165.94,68.92,47.59,2024-02-01 07:00:00,2026-08-13T19:21:33.493+05:30,order_items.csv,ERP,batch_01
ITM-000594,ORD-00243,PROD-0043,3,229.48,26.57,52.95,2024-02-01 07:00:00,2026-08-13T19:21:33.493+05:30,order_items.csv,ERP,batch_01
ITM-000595,ORD-00243,PROD-0050,1,165.94,6.9,12.72,2024-02-01 07:00:00,2026-08-13T19:21:33.493+05:30,order_items.csv,ERP,batch_01
ITM-000596,ORD-00244,PROD-0012,4,564.68,23.51,178.82,2024-01-26 20:00:00,2026-08-13T19:21:33.493+05:30,order_items.csv,ERP,batch_01
ITM-000597,ORD-00244,PROD-0060,2,209.1,38.28,30.39,2024-01-26 20:00:00,2026-08-13T19:21:33.493+05:30,order_items.csv,ERP,batch_01
ITM-000598,ORD-00244,PROD-0012,4,564.68,36.74,177.76,2024-01-26 20:00:00,2026-08-13T19:21:33.493+05:30,order_items.csv,ERP,batch_01
ITM-000599,ORD-00245,PROD-0007,1,59.89,0.66,4.74,2024-01-16 05:00:00,2026-08-13T19:21:33.493+05:30,order_items.csv,ERP,batch_01
ITM-000600,ORD-00245,PROD-0037,3,603.32,211.02,127.92,2024-01-16 05:00:00,2026-08-13T19:21:33.493+05:30,order_items.csv,ERP,batch_01
ITM-000601,ORD-00245,PROD-0002,4,422.64,37.75,132.22,2024-01-16 05:00:00,2026-08-13T19:21:33.493+05:30,order_items.csv,ERP,batch_01
ITM-000602,ORD-00246,PROD-0045,3,443.87,180.69,92.07,2024-01-05 07:00:00,2026-08-13T19:21:33.493+05:30,order_items.csv,ERP,batch_01
ITM-000603,ORD-00246,PROD-0037,1,603.32,46.64,44.53,2024-01-05 07:00:00,2026-08-13T19:21:33.493+05:30,order_items.csv,ERP,batch_01
ITM-000604,ORD-00247,PROD-0001,4,32.3,18.49,8.86,2024-02-01 23:00:00,2026-08-13T19:21:33.493+05:30,order_items.csv,ERP,batch_01
ITM-000605,ORD-00247,PROD-0053,4,573.78,41.73,180.27,2024-02-01 23:00:00,2026-08-13T19:21:33.493+05:30,order_items.csv,ERP,batch_01
ITM-000606,ORD-00248,PROD-0041,1,308.67,16.92,23.34,2024-01-24 07:00:00,2026-08-13T19:21:33.493+05:30,order_items.csv,ERP,batch_01
ITM-000607,ORD-00249,PROD-0025,2,542.08,48.6,82.84,2024-01-31 19:00:00,2026-08-13T19:21:33.493+05:30,order_items.csv,ERP,batch_01
ITM-000608,ORD-00250,PROD-0003,2,219.21,1.67,34.94,2024-02-02 12:00:00,2026-08-13T19:21:33.493+05:30,order_items.csv,ERP,batch_01
ITM-000609,ORD-00250,PROD-0038,2,217.47,31.92,32.24,2024-02-02 12:00:00,2026-08-13T19:21:33.493+05:30,order_items.csv,ERP,batch_01
ITM-000610,ORD-00251,PROD-0003,3,219.21,5.53,52.17,2024-01-22 01:00:00,2026-08-13T19:21:33.493+05:30,order_items.csv,ERP,batch_01
ITM-000611,ORD-00252,PROD-0060,1,209.1,1.16,16.64,2024-02-05 00:00:00,2026-08-13T19:21:33.493+05:30,order_items.csv,ERP,batch_01
ITM-000612,ORD-00252,PROD-0042,1,355.95,25.16,26.46,2024-02-05 00:00:00,2026-08-13T19:21:33.493+05:30,order_items.csv,ERP,batch_01
ITM-000613,ORD-00253,PROD-0030,5,403.71,51.68,157.35,2024-01-02 15:00:00,2026-08-13T19:21:33.493+05:30,order_items.csv,ERP,batch_01
ITM-000614,ORD-00254,PROD-0005,2,377.85,48.31,56.59,2024-01-08 13:00:00,2026-08-13T19:21:33.493+05:30,order_items.csv,ERP,batch_01
ITM-000615,ORD-00254,PROD-0052,4,502.79,97.81,153.07,2024-01-08 13:00:00,2026-08-13T19:21:33.493+05:30,order_items.csv,ERP,batch_01
ITM-000616,ORD-00255,PROD-0038,2,217.47,21.89,33.04,2024-02-05 14:00:00,2026-08-13T19:21:33.493+05:30,order_items.csv,ERP,batch_01
ITM-000617,ORD-00256,PROD-0029,2,323.43,89.82,44.56,2024-01-11 23:00:00,2026-08-13T19:21:33.493+05:30,order_items.csv,ERP,batch_01
ITM-000618,ORD-00256,PROD-0050,2,165.94,0.78,26.49,2024-01-11 23:00:00,2026-08-13T19:21:33.493+05:30,order_items.csv,ERP,batch_01
ITM-000619,ORD-00257,PROD-0045,4,443.87,184.39,127.29,2024-01-13 12:00:00,2026-08-13T19:21:33.493+05:30,order_items.csv,ERP,batch_01
ITM-000620,ORD-00257,PROD-0041,3,308.67,72.66,68.27,2024-01-13 12:00:00,2026-08-13T19:21:33.493+05:30,order_items.csv,ERP,batch_01
ITM-000621,ORD-00257,PROD-0012,5,564.68,292.93,202.44,2024-01-13 12:00:00,2026-08-13T19:21:33.493+05:30,order_items.csv,ERP,batch_01
ITM-000622,ORD-00257,PROD-0046,4,168.98,62.05,49.11,2024-01-13 12:00:00,2026-08-13T19:21:33.493+05:30,order_items.csv,ERP,batch_01
ITM-000623,ORD-00258,PROD-0034,1,266.5,24.74,19.34,2024-01-03 03:00:00,2026-08-13T19:21:33.493+05:30,order_items.csv,ERP,batch_01
ITM-000624,ORD-00259,PROD-0013,1,702.72,83.97,49.5,2024-01-17 00:00:00,2026-08-13T19:21:33.493+05:30,order_items.csv,ERP,batch_01
ITM-000625,ORD-00260,PROD-0019,2,101.24,13.2,15.14,2024-01-13 15:00:00,2026-08-13T19:21:33.493+05:30,order_items.csv,ERP,batch_01
ITM-000626,ORD-00260,PROD-0022,5,309.11,186.66,108.71,2024-01-13 15:00:00,2026-08-13T19:21:33.493+05:30,order_items.csv,ERP,batch_01
ITM-000627,ORD-00260,PROD-0049,4,269.98,7.02,85.83,2024-01-13 15:00:00,2026-08-13T19:21:33.493+05:30,order_items.csv,ERP,batch_01
ITM-000628,ORD-00261,PROD-0033,1,339.92,3.61,26.9,2024-02-05 15:00:00,2026-08-13T19:21:33.493+05:30,order_items.csv,ERP,batch_01
ITM-000629,ORD-00261,PROD-0029,5,323.43,140.63,118.12,2024-02-05 15:00:00,2026-08-13T19:21:33.493+05:30,order_items.csv,ERP,batch_01
ITM-000630,ORD-00261,PROD-0048,3,273.24,28.29,63.31,2024-02-05 15:00:00,2026-08-13T19:21:33.493+05:30,order_items.csv,ERP,batch_01
ITM-000631,ORD-00261,PROD-0015,1,150.54,5.35,11.62,2024-02-05 15:00:00,2026-08-13T19:21:33.493+05:30,order_items.csv,ERP,batch_01
ITM-000632,ORD-00262,PROD-0004,4,787.13,68.45,246.41,2024-01-16 12:00:00,2026-08-13T19:21:33.493+05:30,order_items.csv,ERP,batch_01
ITM-000633,ORD-00262,PROD-0060,5,209.1,71.35,77.93,2024-01-16 12:00:00,2026-08-13T19:21:33.493+05:30,order_items.csv,ERP,batch_01
ITM-000634,ORD-00262,PROD-0025,3,542.08,33.27,127.44,2024-01-16 12:00:00,2026-08-13T19:21:33.493+05:30,order_items.csv,ERP,batch_01
ITM-000635,ORD-00262,PROD-0047,2,504.71,95.7,73.1,2024-01-16 12:00:00,2026-08-13T19:21:33.493+05:30,order_items.csv,ERP,batch_01
ITM-000636,ORD-00263,PROD-0018,2,328.3,10.94,51.65,2024-01-23 14:00:00,2026-08-13T19:21:33.493+05:30,order_items.csv,ERP,batch_01
ITM-000637,ORD-00264,PROD-0039,2,379.98,90.0,53.6,2024-01-28 15:00:00,2026-08-13T19:21:33.493+05:30,order_items.csv,ERP,batch_01
ITM-000638,ORD-00264,PROD-0041,5,308.67,209.64,106.7,2024-01-28 15:00:00,2026-08-13T19:21:33.493+05:30,order_items.csv,ERP,batch_01
ITM-000639,ORD-00264,PROD-0037,5,603.32,386.88,210.38,2024-01-28 15:00:00,2026-08-13T19:21:33.493+05:30,order_items.csv,ERP,batch_01
ITM-000640,ORD-00265,PROD-0054,4,317.91,53.25,97.47,2024-02-05 01:00:00,2026-08-13T19:21:33.493+05:30,order_items.csv,ERP,batch_01
ITM-000641,ORD-00265,PROD-0048,2,273.24,20.32,42.09,2024-02-05 01:00:00,2026-08-13T19:21:33.493+05:30,order_items.csv,ERP,batch_01
ITM-000642,ORD-00265,PROD-0015,5,150.54,106.84,51.67,2024-02-05 01:00:00,2026-08-13T19:21:33.493+05:30,order_items.csv,ERP,batch_01
ITM-000643,ORD-00265,PROD-0058,1,490.64,30.75,36.79,2024-02-05 01:00:00,2026-08-13T19:21:33.493+05:30,order_items.csv,ERP,batch_01
ITM-000644,ORD-00266,PROD-0016,1,666.37,55.82,48.84,2024-01-28 01:00:00,2026-08-13T19:21:33.493+05:30,order_items.csv,ERP,batch_01
ITM-000645,ORD-00266,PROD-0001,4,32.3,18.41,8.86,2024-01-28 01:00:00,2026-08-13T19:21:33.493+05:30,order_items.csv,ERP,batch_01
ITM-000646,ORD-00266,PROD-0009,3,206.06,27.43,47.26,2024-01-28 01:00:00,2026-08-13T19:21:33.493+05:30,order_items.csv,ERP,batch_01
ITM-000647,ORD-00266,PROD-0042,1,355.95,0.85,28.41,2024-01-28 01:00:00,2026-08-13T19:21:33.493+05:30,order_items.csv,ERP,batch_01
ITM-000648,ORD-00267,PROD-0030,4,403.71,186.96,114.23,2024-01-13 08:00:00,2026-08-13T19:21:33.493+05:30,order_items.csv,ERP,batch_01
ITM-000649,ORD-00268,PROD-0025,3,542.08,129.51,119.74,2024-01-13 21:00:00,2026-08-13T19:21:33.493+05:30,order_items.csv,ERP,batch_01
ITM-000650,ORD-00269,PROD-0051,1,470.26,43.77,34.12,2024-01-20 08:00:00,2026-08-13T19:21:33.493+05:30,order_items.csv,ERP,batch_01
ITM-000651,ORD-00269,PROD-0033,3,339.92,135.83,70.71,2024-01-20 08:00:00,2026-08-13T19:21:33.493+05:30,order_items.csv,ERP,batch_01
ITM-000652,ORD-00270,PROD-0042,5,355.95,188.17,127.33,2024-02-10 11:00:00,2026-08-13T19:21:33.493+05:30,order_items.csv,ERP,batch_01
ITM-000653,ORD-00270,PROD-0036,2,428.31,17.78,67.11,2024-02-10 11:00:00,2026-08-13T19:21:33.493+05:30,order_items.csv,ERP,batch_01
ITM-000654,ORD-00271,PROD-0049,2,269.98,25.96,41.12,2024-02-05 13:00:00,2026-08-13T19:21:33.493+05:30,order_items.csv,ERP,batch_01
ITM-000655,ORD-00271,PROD-0058,3,490.64,111.18,108.86,2024-02-05 13:00:00,2026-08-13T19:21:33.493+05:30,order_items.csv,ERP,batch_01
ITM-000656,ORD-00272,PROD-0032,5,56.77,22.42,20.91,2024-01-05 12:00:00,2026-08-13T19:21:33.493+05:30,order_items.csv,ERP,batch_01
ITM-000657,ORD-00272,PROD-0008,4,308.14,131.24,88.11,2024-01-05 12:00:00,2026-08-13T19:21:33.493+05:30,order_items.csv,ERP,batch_01
ITM-000658,ORD-00272,PROD-0044,5,113.49,76.56,39.27,2024-01-05 12:00:00,2026-08-13T19:21:33.493+05:30,order_items.csv,ERP,batch_01
ITM-000659,ORD-00272,PROD-0029,5,323.43,89.3,122.23,2024-01-05 12:00:00,2026-08-13T19:21:33.493+05:30,order_items.csv,ERP,batch_01
ITM-000660,ORD-00273,PROD-0058,2,490.64,42.45,75.11,2024-01-15 00:00:00,2026-08-13T19:21:33.493+05:30,order_items.csv,ERP,batch_01
ITM-000661,ORD-00273,PROD-0005,1,377.85,9.34,29.48,2024-01-15 00:00:00,2026-08-13T19:21:33.493+05:30,order_items.csv,ERP,batch_01
ITM-000662,ORD-00273,PROD-0008,2,308.14,45.88,45.63,2024-01-15 00:00:00,2026-08-13T19:21:33.493+05:30,order_items.csv,ERP,batch_01
ITM-000663,ORD-00273,PROD-0056,2,480.47,75.05,70.87,2024-01-15 00:00:00,2026-08-13T19:21:33.493+05:30,order_items.csv,ERP,batch_01
ITM-000664,ORD-00274,PROD-0023,4,689.9,183.73,206.07,2024-01-20 23:00:00,2026-08-13T19:21:33.493+05:30,order_items.csv,ERP,batch_01
ITM-000665,ORD-00274,PROD-0013,1,702.72,2.32,56.03,2024-01-20 23:00:00,2026-08-13T19:21:33.493+05:30,order_items.csv,ERP,batch_01
ITM-000666,ORD-00274,PROD-0027,5,310.4,79.8,117.78,2024-01-20 23:00:00,2026-08-13T19:21:33.493+05:30,order_items.csv,ERP,batch_01
ITM-000667,ORD-00274,PROD-0038,5,217.47,137.32,76.0,2024-01-20 23:00:00,2026-08-13T19:21:33.493+05:30,order_items.csv,ERP,batch_01
ITM-000668,ORD-00275,PROD-0031,3,469.43,205.06,96.26,2024-01-10 19:00:00,2026-08-13T19:21:33.493+05:30,order_items.csv,ERP,batch_01
ITM-000669,ORD-00275,PROD-0004,2,787.13,83.39,119.27,2024-01-10 19:00:00,2026-08-13T19:21:33.493+05:30,order_items.csv,ERP,batch_01
ITM-000670,ORD-00276,PROD-0012,2,564.68,27.32,88.16,2024-01-13 08:00:00,2026-08-13T19:21:33.493+05:30,order_items.csv,ERP,batch_01
ITM-000671,ORD-00276,PROD-0021,5,704.47,66.82,276.44,2024-01-13 08:00:00,2026-08-13T19:21:33.493+05:30,order_items.csv,ERP,batch_01
ITM-000672,ORD-00277,PROD-0010,3,133.78,27.0,29.95,2024-02-07 08:00:00,2026-08-13T19:21:33.493+05:30,order_items.csv,ERP,batch_01
ITM-000673,ORD-00277,PROD-0011,5,664.57,150.31,253.8,2024-02-07 08:00:00,2026-08-13T19:21:33.493+05:30,order_items.csv,ERP,batch_01
ITM-000674,ORD-00277,PROD-0059,1,65.98,4.0,4.96,2024-02-07 08:00:00,2026-08-13T19:21:33.493+05:30,order_items.csv,ERP,batch_01
ITM-000675,ORD-00278,PROD-0042,3,355.95,75.91,79.36,2024-01-31 20:00:00,2026-08-13T19:21:33.493+05:30,order_items.csv,ERP,batch_01
ITM-000676,ORD-00278,PROD-0049,5,269.98,135.03,97.19,2024-01-31 20:00:00,2026-08-13T19:21:33.493+05:30,order_items.csv,ERP,batch_01
ITM-000677,ORD-00278,PROD-0047,4,504.71,102.56,153.3,2024-01-31 20:00:00,2026-08-13T19:21:33.493+05:30,order_items.csv,ERP,batch_01
ITM-000678,ORD-00279,PROD-0002,4,422.64,156.59,122.72,2024-01-11 07:00:00,2026-08-13T19:21:33.493+05:30,order_items.csv,ERP,batch_01
ITM-000679,ORD-00279,PROD-0023,1,689.9,33.77,52.49,2024-01-11 07:00:00,2026-08-13T19:21:33.493+05:30,order_items.csv,ERP,batch_01
ITM-000680,ORD-00279,PROD-0038,5,217.47,36.23,84.09,2024-01-11 07:00:00,2026-08-13T19:21:33.493+05:30,order_items.csv,ERP,batch_01
ITM-000681,ORD-00280,PROD-0013,4,702.72,133.98,214.15,2024-02-06 00:00:00,2026-08-13T19:21:33.493+05:30,order_items.csv,ERP,batch_01
ITM-000682,ORD-00280,PROD-0039,5,379.98,268.86,130.48,2024-02-06 00:00:00,2026-08-13T19:21:33.493+05:30,order_items.csv,ERP,batch_01
ITM-000683,ORD-00280,PROD-0059,3,65.98,11.8,14.89,2024-02-06 00:00:00,2026-08-13T19:21:33.493+05:30,order_items.csv,ERP,batch_01
ITM-000684,ORD-00280,PROD-0046,4,168.98,37.48,51.08,2024-02-06 00:00:00,2026-08-13T19:21:33.493+05:30,order_items.csv,ERP,batch_01
ITM-000685,ORD-00281,PROD-0056,5,480.47,31.57,189.66,2024-01-20 21:00:00,2026-08-13T19:21:33.493+05:30,order_items.csv,ERP,batch_01
ITM-000686,ORD-00281,PROD-0047,4,504.71,224.55,143.54,2024-01-20 21:00:00,2026-08-13T19:21:33.493+05:30,order_items.csv,ERP,batch_01
ITM-000687,ORD-00281,PROD-0027,4,310.4,53.76,95.03,2024-01-20 21:00:00,2026-08-13T19:21:33.493+05:30,order_items.csv,ERP,batch_01
ITM-000688,ORD-00281,PROD-0052,4,502.79,219.8,143.31,2024-01-20 21:00:00,2026-08-13T19:21:33.493+05:30,order_items.csv,ERP,batch_01
ITM-000689,ORD-00282,PROD-0020,4,446.28,264.66,121.64,2024-02-09 05:00:00,2026-08-13T19:21:33.493+05:30,order_items.csv,ERP,batch_01
ITM-000690,ORD-00282,PROD-0034,3,266.5,7.93,63.33,2024-02-09 05:00:00,2026-08-13T19:21:33.493+05:30,order_items.csv,ERP,batch_01
ITM-000691,ORD-00283,PROD-0012,5,564.68,195.71,210.22,2024-01-07 10:00:00,2026-08-13T19:21:33.493+05:30,order_items.csv,ERP,batch_01
ITM-000692,ORD-00283,PROD-0037,2,603.32,36.06,93.65,2024-01-07 10:00:00,2026-08-13T19:21:33.493+05:30,order_items.csv,ERP,batch_01
ITM-000693,ORD-00283,PROD-0054,4,317.91,55.21,97.31,2024-01-07 10:00:00,2026-08-13T19:21:33.493+05:30,order_items.csv,ERP,batch_01
ITM-000694,ORD-00283,PROD-0032,1,56.77,7.01,3.98,2024-01-07 10:00:00,2026-08-13T19:21:33.493+05:30,order_items.csv,ERP,batch_01
ITM-000695,ORD-00284,PROD-0002,1,422.64,9.76,33.03,2024-01-22 01:00:00,2026-08-13T19:21:33.493+05:30,order_items.csv,ERP,batch_01
ITM-000696,ORD-00284,PROD-0008,3,308.14,57.84,69.33,2024-01-22 01:00:00,2026-08-13T19:21:33.493+05:30,order_items.csv,ERP,batch_01
ITM-000697,ORD-00285,PROD-0038,4,217.47,73.8,63.69,2024-01-20 01:00:00,2026-08-13T19:21:33.493+05:30,order_items.csv,ERP,batch_01
ITM-000698,ORD-00285,PROD-0056,3,480.47,135.78,104.45,2024-01-20 01:00:00,2026-08-13T19:21:33.493+05:30,order_items.csv,ERP,batch_01
ITM-000699,ORD-00285,PROD-0031,1,469.43,26.28,35.45,2024-01-20 01:00:00,2026-08-13T19:21:33.493+05:30,order_items.csv,ERP,batch_01
ITM-000700,ORD-00286,PROD-0010,3,133.78,27.76,29.89,2024-01-03 18:00:00,2026-08-13T19:21:33.493+05:30,order_items.csv,ERP,batch_01
ITM-000701,ORD-00287,PROD-0004,3,787.13,103.31,180.65,2024-01-05 18:00:00,2026-08-13T19:21:33.493+05:30,order_items.csv,ERP,batch_01
ITM-000702,ORD-00287,PROD-0041,1,308.67,23.79,22.79,2024-01-05 18:00:00,2026-08-13T19:21:33.493+05:30,order_items.csv,ERP,batch_01
ITM-000703,ORD-00287,PROD-0050,2,165.94,38.07,23.5,2024-01-05 18:00:00,2026-08-13T19:21:33.493+05:30,order_items.csv,ERP,batch_01
ITM-000704,ORD-00288,PROD-0044,3,113.49,4.89,26.85,2024-02-05 20:00:00,2026-08-13T19:21:33.493+05:30,order_items.csv,ERP,batch_01
ITM-000705,ORD-00288,PROD-0038,3,217.47,80.57,45.75,2024-02-05 20:00:00,2026-08-13T19:21:33.493+05:30,order_items.csv,ERP,batch_01
ITM-000706,ORD-00288,PROD-0001,2,32.3,5.02,4.77,2024-02-05 20:00:00,2026-08-13T19:21:33.493+05:30,order_items.csv,ERP,batch_01
ITM-000707,ORD-00289,PROD-0010,5,133.78,22.19,51.74,2024-01-28 20:00:00,2026-08-13T19:21:33.493+05:30,order_items.csv,ERP,batch_01
ITM-000708,ORD-00289,PROD-0058,5,490.64,225.73,178.2,2024-01-28 20:00:00,2026-08-13T19:21:33.493+05:30,order_items.csv,ERP,batch_01
ITM-000709,ORD-00290,PROD-0059,1,65.98,1.15,5.19,2024-02-07 08:00:00,2026-08-13T19:21:33.493+05:30,order_items.csv,ERP,batch_01
ITM-000710,ORD-00290,PROD-0009,1,206.06,14.82,15.3,2024-02-07 08:00:00,2026-08-13T19:21:33.493+05:30,order_items.csv,ERP,batch_01
ITM-000711,ORD-00290,PROD-0020,3,446.28,27.92,104.87,2024-02-07 08:00:00,2026-08-13T19:21:33.493+05:30,order_items.csv,ERP,batch_01
ITM-000712,ORD-00290,PROD-0029,5,323.43,126.89,119.22,2024-02-07 08:00:00,2026-08-13T19:21:33.493+05:30,order_items.csv,ERP,batch_01
ITM-000713,ORD-00291,PROD-0055,2,425.29,87.79,61.02,2024-01-21 10:00:00,2026-08-13T19:21:33.493+05:30,order_items.csv,ERP,batch_01
ITM-000714,ORD-00291,PROD-0020,2,446.28,28.09,69.16,2024-01-21 10:00:00,2026-08-13T19:21:33.493+05:30,order_items.csv,ERP,batch_01
ITM-000715,ORD-00292,PROD-0003,2,219.21,7.09,34.51,2024-01-09 12:00:00,2026-08-13T19:21:33.493+05:30,order_items.csv,ERP,batch_01
ITM-000716,ORD-00292,PROD-0051,5,470.26,209.21,171.37,2024-01-09 12:00:00,2026-08-13T19:21:33.493+05:30,order_items.csv,ERP,batch_01
ITM-000717,ORD-00292,PROD-0031,1,469.43,63.97,32.44,2024-01-09 12:00:00,2026-08-13T19:21:33.493+05:30,order_items.csv,ERP,batch_01
ITM-000718,ORD-00292,PROD-0003,1,219.21,9.92,16.74,2024-01-09 12:00:00,2026-08-13T19:21:33.493+05:30,order_items.csv,ERP,batch_01
ITM-000719,ORD-00293,PROD-0012,3,564.68,7.43,134.93,2024-01-10 05:00:00,2026-08-13T19:21:33.493+05:30,order_items.csv,ERP,batch_01
ITM-000720,ORD-00293,PROD-0048,3,273.24,116.66,56.24,2024-01-10 05:00:00,2026-08-13T19:21:33.493+05:30,order_items.csv,ERP,batch_01
ITM-000721,ORD-00294,PROD-0007,5,59.89,34.28,21.21,2024-02-10 17:00:00,2026-08-13T19:21:33.493+05:30,order_items.csv,ERP,batch_01
ITM-000722,ORD-00295,PROD-0060,2,209.1,57.74,28.84,2024-01-20 15:00:00,2026-08-13T19:21:33.493+05:30,order_items.csv,ERP,batch_01
ITM-000723,ORD-00296,PROD-0025,4,542.08,69.69,167.89,2024-01-14 00:00:00,2026-08-13T19:21:33.493+05:30,order_items.csv,ERP,batch_01
ITM-000724,ORD-00296,PROD-0015,4,150.54,10.19,47.36,2024-01-14 00:00:00,2026-08-13T19:21:33.493+05:30,order_items.csv,ERP,batch_01
ITM-000725,ORD-00296,PROD-0021,1,704.47,49.23,52.42,2024-01-14 00:00:00,2026-08-13T19:21:33.493+05:30,order_items.csv,ERP,batch_01
ITM-000726,ORD-00297,PROD-0006,3,107.73,23.93,23.94,2024-02-02 21:00:00,2026-08-13T19:21:33.493+05:30,order_items.csv,ERP,batch_01
ITM-000727,ORD-00298,PROD-0036,4,428.31,74.68,131.08,2024-02-01 05:00:00,2026-08-13T19:21:33.493+05:30,order_items.csv,ERP,batch_01
ITM-000728,ORD-00298,PROD-0055,4,425.29,48.17,132.24,2024-02-01 05:00:00,2026-08-13T19:21:33.493+05:30,order_items.csv,ERP,batch_01
ITM-000729,ORD-00299,PROD-0026,4,82.97,26.02,24.47,2024-01-25 15:00:00,2026-08-13T19:21:33.493+05:30,order_items.csv,ERP,batch_01
ITM-000730,ORD-00300,PROD-0048,2,273.24,5.3,43.29,2024-01-09 14:00:00,2026-08-13T19:21:33.493+05:30,order_items.csv,ERP,batch_01
ITM-000731,ORD-00301,PROD-0054,4,317.91,138.33,90.66,2024-01-15 05:00:00,2026-08-13T19:21:33.493+05:30,order_items.csv,ERP,batch_01
ITM-000732,ORD-00301,PROD-0018,5,328.3,146.17,119.63,2024-01-15 05:00:00,2026-08-13T19:21:33.493+05:30,order_items.csv,ERP,batch_01
ITM-000733,ORD-00302,PROD-0033,3,339.92,22.54,79.78,2024-01-25 01:00:00,2026-08-13T19:21:33.493+05:30,order_items.csv,ERP,batch_01
ITM-000734,ORD-00302,PROD-0008,3,308.14,67.85,68.53,2024-01-25 01:00:00,2026-08-13T19:21:33.493+05:30,order_items.csv,ERP,batch_01
ITM-000735,ORD-00302,PROD-0002,1,422.64,46.77,30.07,2024-01-25 01:00:00,2026-08-13T19:21:33.493+05:30,order_items.csv,ERP,batch_01
ITM-000736,ORD-00302,PROD-0044,1,113.49,16.55,7.76,2024-01-25 01:00:00,2026-08-13T19:21:33.493+05:30,order_items.csv,ERP,batch_01
ITM-000737,ORD-00303,PROD-0051,4,470.26,56.98,145.92,2024-02-11 05:00:00,2026-08-13T19:21:33.493+05:30,order_items.csv,ERP,batch_01
ITM-000738,ORD-00303,PROD-0043,4,229.48,67.5,68.03,2024-02-11 05:00:00,2026-08-13T19:21:33.493+05:30,order_items.csv,ERP,batch_01
ITM-000739,ORD-00303,PROD-0017,5,387.29,99.81,146.93,2024-02-11 05:00:00,2026-08-13T19:21:33.493+05:30,order_items.csv,ERP,batch_01
ITM-000740,ORD-00303,PROD-0056,5,480.47,196.98,176.43,2024-02-11 05:00:00,2026-08-13T19:21:33.493+05:30,order_items.csv,ERP,batch_01
ITM-000741,ORD-00304,PROD-0055,4,425.29,112.93,127.06,2024-01-29 13:00:00,2026-08-13T19:21:33.493+05:30,order_items.csv,ERP,batch_01
ITM-000742,ORD-00304,PROD-0003,1,219.21,5.82,17.07,2024-01-29 13:00:00,2026-08-13T19:21:33.493+05:30,order_items.csv,ERP,batch_01
ITM-000743,ORD-00304,PROD-0043,3,229.48,91.36,47.77,2024-01-29 13:00:00,2026-08-13T19:21:33.493+05:30,order_items.csv,ERP,batch_01
ITM-000744,ORD-00305,PROD-0049,1,269.98,23.04,19.76,2024-01-29 14:00:00,2026-08-13T19:21:33.493+05:30,order_items.csv,ERP,batch_01
ITM-000745,ORD-00305,PROD-0032,5,56.77,29.18,20.37,2024-01-29 14:00:00,2026-08-13T19:21:33.493+05:30,order_items.csv,ERP,batch_01
ITM-000746,ORD-00305,PROD-0037,4,603.32,172.28,179.28,2024-01-29 14:00:00,2026-08-13T19:21:33.493+05:30,order_items.csv,ERP,batch_01
ITM-000747,ORD-00305,PROD-0055,2,425.29,64.65,62.87,2024-01-29 14:00:00,2026-08-13T19:21:33.493+05:30,order_items.csv,ERP,batch_01
ITM-000748,ORD-00306,PROD-0050,3,165.94,23.93,37.91,2024-02-03 04:00:00,2026-08-13T19:21:33.493+05:30,order_items.csv,ERP,batch_01
ITM-000749,ORD-00306,PROD-0002,5,422.64,14.3,167.91,2024-02-03 04:00:00,2026-08-13T19:21:33.493+05:30,order_items.csv,ERP,batch_01
ITM-000750,ORD-00306,PROD-0054,3,317.91,49.91,72.31,2024-02-03 04:00:00,2026-08-13T19:21:33.493+05:30,order_items.csv,ERP,batch_01
ITM-000751,ORD-00307,PROD-0028,3,532.55,237.72,108.79,2024-01-04 06:00:00,2026-08-13T19:21:33.493+05:30,order_items.csv,ERP,batch_01
ITM-000752,ORD-00308,PROD-0042,3,355.95,94.91,77.84,2024-01-06 07:00:00,2026-08-13T19:21:33.493+05:30,order_items.csv,ERP,batch_01
ITM-000753,ORD-00308,PROD-0005,3,377.85,19.46,89.13,2024-01-06 07:00:00,2026-08-13T19:21:33.493+05:30,order_items.csv,ERP,batch_01
ITM-000754,ORD-00309,PROD-0018,1,328.3,34.27,23.52,2024-01-05 00:00:00,2026-08-13T19:21:33.493+05:30,order_items.csv,ERP,batch_01
ITM-000755,ORD-00309,PROD-0038,1,217.47,32.16,14.82,2024-01-05 00:00:00,2026-08-13T19:21:33.493+05:30,order_items.csv,ERP,batch_01
ITM-000756,ORD-00309,PROD-0025,5,542.08,158.68,204.14,2024-01-05 00:00:00,2026-08-13T19:21:33.493+05:30,order_items.csv,ERP,batch_01
ITM-000757,ORD-00309,PROD-0037,1,603.32,73.15,42.41,2024-01-05 00:00:00,2026-08-13T19:21:33.493+05:30,order_items.csv,ERP,batch_01
ITM-000758,ORD-00310,PROD-0040,3,605.15,98.94,137.32,2024-01-24 01:00:00,2026-08-13T19:21:33.493+05:30,order_items.csv,ERP,batch_01
ITM-000759,ORD-00310,PROD-0032,1,56.77,7.16,3.97,2024-01-24 01:00:00,2026-08-13T19:21:33.493+05:30,order_items.csv,ERP,batch_01
ITM-000760,ORD-00311,PROD-0040,1,605.15,65.15,43.2,2024-01-05 19:00:00,2026-08-13T19:21:33.493+05:30,order_items.csv,ERP,batch_01
ITM-000761,ORD-00311,PROD-0038,3,217.47,26.75,50.05,2024-01-05 19:00:00,2026-08-13T19:21:33.493+05:30,order_items.csv,ERP,batch_01
ITM-000762,ORD-00312,PROD-0028,5,532.55,125.16,203.01,2024-01-24 12:00:00,2026-08-13T19:21:33.493+05:30,order_items.csv,ERP,batch_01
ITM-000763,ORD-00312,PROD-0027,4,310.4,46.8,95.58,2024-01-24 12:00:00,2026-08-13T19:21:33.493+05:30,order_items.csv,ERP,batch_01
ITM-000764,ORD-00312,PROD-0033,4,339.92,136.97,97.82,2024-01-24 12:00:00,2026-08-13T19:21:33.493+05:30,order_items.csv,ERP,batch_01
ITM-000765,ORD-00313,PROD-0014,4,106.8,17.17,32.8,2024-01-04 06:00:00,2026-08-13T19:21:33.493+05:30,order_items.csv,ERP,batch_01
ITM-000766,ORD-00313,PROD-0060,5,209.1,113.95,74.52,2024-01-04 06:00:00,2026-08-13T19:21:33.493+05:30,order_items.csv,ERP,batch_01
ITM-000767,ORD-00313,PROD-0024,4,402.36,35.67,125.9,2024-01-04 06:00:00,2026-08-13T19:21:33.493+05:30,order_items.csv,ERP,batch_01
ITM-000768,ORD-00313,PROD-0055,4,425.29,104.69,127.72,2024-01-04 06:00:00,2026-08-13T19:21:33.493+05:30,order_items.csv,ERP,batch_01
ITM-000769,ORD-00314,PROD-0026,2,82.97,2.83,13.05,2024-01-21 06:00:00,2026-08-13T19:21:33.493+05:30,order_items.csv,ERP,batch_01
ITM-000770,ORD-00314,PROD-0016,3,666.37,139.19,148.79,2024-01-21 06:00:00,2026-08-13T19:21:33.493+05:30,order_items.csv,ERP,batch_01
ITM-000771,ORD-00315,PROD-0002,3,422.64,150.19,89.42,2024-01-04 16:00:00,2026-08-13T19:21:33.493+05:30,order_items.csv,ERP,batch_01
ITM-000772,ORD-00315,PROD-0036,2,428.31,82.79,61.91,2024-01-04 16:00:00,2026-08-13T19:21:33.493+05:30,order_items.csv,ERP,batch_01
ITM-000773,ORD-00316,PROD-0058,3,490.64,148.3,105.89,2024-01-23 05:00:00,2026-08-13T19:21:33.493+05:30,order_items.csv,ERP,batch_01
ITM-000774,ORD-00316,PROD-0057,1,666.33,39.67,50.13,2024-01-23 05:00:00,2026-08-13T19:21:33.493+05:30,order_items.csv,ERP,batch_01
ITM-000775,ORD-00316,PROD-0054,2,317.91,22.51,49.06,2024-01-23 05:00:00,2026-08-13T19:21:33.493+05:30,order_items.csv,ERP,batch_01
ITM-000776,ORD-00316,PROD-0037,5,603.32,422.14,207.56,2024-01-23 05:00:00,2026-08-13T19:21:33.493+05:30,order_items.csv,ERP,batch_01
ITM-000777,ORD-00317,PROD-0039,1,379.98,44.07,26.87,2024-02-04 18:00:00,2026-08-13T19:21:33.493+05:30,order_items.csv,ERP,batch_01
ITM-000778,ORD-00317,PROD-0021,3,704.47,263.86,147.96,2024-02-04 18:00:00,2026-08-13T19:21:33.493+05:30,order_items.csv,ERP,batch_01
ITM-000779,ORD-00318,PROD-0012,2,564.68,164.31,77.2,2024-01-17 23:00:00,2026-08-13T19:21:33.493+05:30,order_items.csv,ERP,batch_01
ITM-000780,ORD-00319,PROD-0021,5,704.47,223.91,263.88,2024-01-06 01:00:00,2026-08-13T19:21:33.493+05:30,order_items.csv,ERP,batch_01
ITM-000781,ORD-00320,PROD-0042,5,355.95,9.29,141.64,2024-02-02 08:00:00,2026-08-13T19:21:33.493+05:30,order_items.csv,ERP,batch_01
ITM-000782,ORD-00321,PROD-0041,3,308.67,125.45,64.04,2024-01-17 18:00:00,2026-08-13T19:21:33.493+05:30,order_items.csv,ERP,batch_01
ITM-000783,ORD-00321,PROD-0055,4,425.29,99.13,128.16,2024-01-17 18:00:00,2026-08-13T19:21:33.493+05:30,order_items.csv,ERP,batch_01
ITM-000784,ORD-00321,PROD-0020,1,446.28,62.68,30.69,2024-01-17 18:00:00,2026-08-13T19:21:33.493+05:30,order_items.csv,ERP,batch_01
ITM-000785,ORD-00322,PROD-0018,1,328.3,40.54,23.02,2024-01-31 06:00:00,2026-08-13T19:21:33.493+05:30,order_items.csv,ERP,batch_01
ITM-000786,ORD-00323,PROD-0045,3,443.87,101.14,98.44,2024-01-28 20:00:00,2026-08-13T19:21:33.493+05:30,order_items.csv,ERP,batch_01
ITM-000787,ORD-00323,PROD-0023,4,689.9,249.24,200.83,2024-01-28 20:00:00,2026-08-13T19:21:33.493+05:30,order_items.csv,ERP,batch_01
ITM-000788,ORD-00324,PROD-0041,4,308.67,146.5,87.05,2024-02-01 08:00:00,2026-08-13T19:21:33.493+05:30,order_items.csv,ERP,batch_01
ITM-000789,ORD-00324,PROD-0009,1,206.06,12.38,15.49,2024-02-01 08:00:00,2026-08-13T19:21:33.493+05:30,order_items.csv,ERP,batch_01
ITM-000790,ORD-00325,PROD-0016,5,666.37,356.62,238.02,2024-01-23 04:00:00,2026-08-13T19:21:33.493+05:30,order_items.csv,ERP,batch_01
ITM-000791,ORD-00325,PROD-0050,2,165.94,42.16,23.18,2024-01-23 04:00:00,2026-08-13T19:21:33.493+05:30,order_items.csv,ERP,batch_01
ITM-000792,ORD-00326,PROD-0012,5,564.68,350.14,197.86,2024-01-23 00:00:00,2026-08-13T19:21:33.493+05:30,order_items.csv,ERP,batch_01
ITM-000793,ORD-00326,PROD-0052,3,502.79,44.95,117.07,2024-01-23 00:00:00,2026-08-13T19:21:33.493+05:30,order_items.csv,ERP,batch_01
ITM-000794,ORD-00326,PROD-0027,3,310.4,25.41,72.46,2024-01-23 00:00:00,2026-08-13T19:21:33.493+05:30,order_items.csv,ERP,batch_01
ITM-000795,ORD-00327,PROD-0059,1,65.98,9.64,4.51,2024-01-16 10:00:00,2026-08-13T19:21:33.493+05:30,order_items.csv,ERP,batch_01
ITM-000796,ORD-00327,PROD-0013,3,702.72,221.76,150.91,2024-01-16 10:00:00,2026-08-13T19:21:33.493+05:30,order_items.csv,ERP,batch_01
ITM-000797,ORD-00328,PROD-0010,1,133.78,19.22,9.16,2024-01-28 05:00:00,2026-08-13T19:21:33.493+05:30,order_items.csv,ERP,batch_01
ITM-000798,ORD-00328,PROD-0011,5,664.57,58.49,261.15,2024-01-28 05:00:00,2026-08-13T19:21:33.493+05:30,order_items.csv,ERP,batch_01
ITM-000799,ORD-00328,PROD-0046,5,168.98,55.15,63.18,2024-01-28 05:00:00,2026-08-13T19:21:33.493+05:30,order_items.csv,ERP,batch_01
ITM-000800,ORD-00329,PROD-0019,4,101.24,23.21,30.54,2024-01-09 17:00:00,2026-08-13T19:21:33.493+05:30,order_items.csv,ERP,batch_01
ITM-000801,ORD-00329,PROD-0014,5,106.8,17.27,41.34,2024-01-09 17:00:00,2026-08-13T19:21:33.493+05:30,order_items.csv,ERP,batch_01
ITM-000802,ORD-00329,PROD-0047,2,504.71,63.34,75.69,2024-01-09 17:00:00,2026-08-13T19:21:33.493+05:30,order_items.csv,ERP,batch_01
ITM-000803,ORD-00330,PROD-0059,2,65.98,7.32,9.97,2024-01-20 18:00:00,2026-08-13T19:21:33.493+05:30,order_items.csv,ERP,batch_01
ITM-000804,ORD-00330,PROD-0030,1,403.71,0.62,32.25,2024-01-20 18:00:00,2026-08-13T19:21:33.493+05:30,order_items.csv,ERP,batch_01
ITM-000805,ORD-00330,PROD-0021,4,704.47,290.32,202.2,2024-01-20 18:00:00,2026-08-13T19:21:33.493+05:30,order_items.csv,ERP,batch_01
ITM-000806,ORD-00330,PROD-0046,4,168.98,74.63,48.1,2024-01-20 18:00:00,2026-08-13T19:21:33.493+05:30,order_items.csv,ERP,batch_01
ITM-000807,ORD-00331,PROD-0059,3,65.98,29.59,13.47,2024-01-05 11:00:00,2026-08-13T19:21:33.493+05:30,order_items.csv,ERP,batch_01
ITM-000808,ORD-00331,PROD-0043,5,229.48,122.12,82.02,2024-01-05 11:00:00,2026-08-13T19:21:33.493+05:30,order_items.csv,ERP,batch_01
ITM-000809,ORD-00331,PROD-0052,1,502.79,0.4,40.19,2024-01-05 11:00:00,2026-08-13T19:21:33.493+05:30,order_items.csv,ERP,batch_01
ITM-000810,ORD-00331,PROD-0033,5,339.92,97.12,128.2,2024-01-05 11:00:00,2026-08-13T19:21:33.493+05:30,order_items.csv,ERP,batch_01
ITM-000811,ORD-00332,PROD-0017,2,387.29,58.53,57.28,2024-01-11 03:00:00,2026-08-13T19:21:33.493+05:30,order_items.csv,ERP,batch_01
ITM-000812,ORD-00332,PROD-0060,3,209.1,82.61,43.58,2024-01-11 03:00:00,2026-08-13T19:21:33.493+05:30,order_items.csv,ERP,batch_01
ITM-000813,ORD-00333,PROD-0017,1,387.29,18.2,29.53,2024-01-23 08:00:00,2026-08-13T19:21:33.493+05:30,order_items.csv,ERP,batch_01
ITM-000814,ORD-00333,PROD-0056,3,480.47,161.69,102.38,2024-01-23 08:00:00,2026-08-13T19:21:33.493+05:30,order_items.csv,ERP,batch_01
ITM-000815,ORD-00334,PROD-0021,4,704.47,322.79,199.61,2024-01-19 02:00:00,2026-08-13T19:21:33.493+05:30,order_items.csv,ERP,batch_01
ITM-000816,ORD-00334,PROD-0010,5,133.78,85.59,46.66,2024-01-19 02:00:00,2026-08-13T19:21:33.493+05:30,order_items.csv,ERP,batch_01
ITM-000817,ORD-00335,PROD-0012,1,564.68,39.83,41.99,2024-01-05 16:00:00,2026-08-13T19:21:33.493+05:30,order_items.csv,ERP,batch_01
ITM-000818,ORD-00335,PROD-0030,4,403.71,28.1,126.94,2024-01-05 16:00:00,2026-08-13T19:21:33.493+05:30,order_items.csv,ERP,batch_01
ITM-000819,ORD-00336,PROD-0032,1,56.77,7.2,3.97,2024-01-30 21:00:00,2026-08-13T19:21:33.493+05:30,order_items.csv,ERP,batch_01
ITM-000820,ORD-00336,PROD-0023,1,689.9,21.08,53.51,2024-01-30 21:00:00,2026-08-13T19:21:33.493+05:30,order_items.csv,ERP,batch_01
ITM-000821,ORD-00336,PROD-0054,2,317.91,71.52,45.14,2024-01-30 21:00:00,2026-08-13T19:21:33.493+05:30,order_items.csv,ERP,batch_01
ITM-000822,ORD-00336,PROD-0038,1,217.47,17.16,16.02,2024-01-30 21:00:00,2026-08-13T19:21:33.493+05:30,order_items.csv,ERP,batch_01
ITM-000823,ORD-00337,PROD-0019,1,101.24,5.99,7.62,2024-01-18 01:00:00,2026-08-13T19:21:33.493+05:30,order_items.csv,ERP,batch_01
ITM-000824,ORD-00338,PROD-0054,4,317.91,86.61,94.8,2024-01-22 14:00:00,2026-08-13T19:21:33.493+05:30,order_items.csv,ERP,batch_01
ITM-000825,ORD-00338,PROD-0018,5,328.3,162.02,118.36,2024-01-22 14:00:00,2026-08-13T19:21:33.493+05:30,order_items.csv,ERP,batch_01
ITM-000826,ORD-00338,PROD-0022,1,309.11,30.42,22.3,2024-01-22 14:00:00,2026-08-13T19:21:33.493+05:30,order_items.csv,ERP,batch_01
ITM-000827,ORD-00338,PROD-0029,3,323.43,137.89,66.59,2024-01-22 14:00:00,2026-08-13T19:21:33.493+05:30,order_items.csv,ERP,batch_01
ITM-000828,ORD-00339,PROD-0052,1,502.79,56.1,35.74,2024-01-10 16:00:00,2026-08-13T19:21:33.493+05:30,order_items.csv,ERP,batch_01
ITM-000829,ORD-00339,PROD-0036,5,428.31,122.52,161.52,2024-01-10 16:00:00,2026-08-13T19:21:33.493+05:30,order_items.csv,ERP,batch_01
ITM-000830,ORD-00339,PROD-0026,3,82.97,6.65,19.38,2024-01-10 16:00:00,2026-08-13T19:21:33.493+05:30,order_items.csv,ERP,batch_01
ITM-000831,ORD-00340,PROD-0050,4,165.94,28.37,50.83,2024-01-07 10:00:00,2026-08-13T19:21:33.493+05:30,order_items.csv,ERP,batch_01
ITM-000832,ORD-00340,PROD-0042,2,355.95,12.88,55.92,2024-01-07 10:00:00,2026-08-13T19:21:33.493+05:30,order_items.csv,ERP,batch_01
ITM-000833,ORD-00340,PROD-0028,3,532.55,216.58,110.49,2024-01-07 10:00:00,2026-08-13T19:21:33.493+05:30,order_items.csv,ERP,batch_01
ITM-000834,ORD-00340,PROD-0023,1,689.9,86.1,48.3,2024-01-07 10:00:00,2026-08-13T19:21:33.493+05:30,order_items.csv,ERP,batch_01
ITM-000835,ORD-00341,PROD-0006,4,107.73,52.42,30.28,2024-01-27 01:00:00,2026-08-13T19:21:33.493+05:30,order_items.csv,ERP,batch_01
ITM-000836,ORD-00341,PROD-0040,2,605.15,78.81,90.52,2024-01-27 01:00:00,2026-08-13T19:21:33.493+05:30,order_items.csv,ERP,batch_01
ITM-000837,ORD-00341,PROD-0028,1,532.55,3.23,42.35,2024-01-27 01:00:00,2026-08-13T19:21:33.493+05:30,order_items.csv,ERP,batch_01
ITM-000838,ORD-00341,PROD-0022,4,309.11,125.46,88.88,2024-01-27 01:00:00,2026-08-13T19:21:33.493+05:30,order_items.csv,ERP,batch_01
ITM-000839,ORD-00342,PROD-0030,4,403.71,19.18,127.65,2024-02-03 02:00:00,2026-08-13T19:21:33.493+05:30,order_items.csv,ERP,batch_01
ITM-000840,ORD-00342,PROD-0010,2,133.78,27.46,19.21,2024-02-03 02:00:00,2026-08-13T19:21:33.493+05:30,order_items.csv,ERP,batch_01
ITM-000841,ORD-00342,PROD-0034,4,266.5,47.25,81.5,2024-02-03 02:00:00,2026-08-13T19:21:33.493+05:30,order_items.csv,ERP,batch_01
ITM-000842,ORD-00343,PROD-0030,5,403.71,246.11,141.8,2024-01-09 02:00:00,2026-08-13T19:21:33.493+05:30,order_items.csv,ERP,batch_01
ITM-000843,ORD-00344,PROD-0048,4,273.24,29.44,85.08,2024-02-08 12:00:00,2026-08-13T19:21:33.493+05:30,order_items.csv,ERP,batch_01
ITM-000844,ORD-00345,PROD-0049,4,269.98,101.05,78.31,2024-01-29 08:00:00,2026-08-13T19:21:33.493+05:30,order_items.csv,ERP,batch_01
ITM-000845,ORD-00345,PROD-0017,3,387.29,168.48,79.47,2024-01-29 08:00:00,2026-08-13T19:21:33.493+05:30,order_items.csv,ERP,batch_01
ITM-000846,ORD-00345,PROD-0056,2,480.47,30.42,74.44,2024-01-29 08:00:00,2026-08-13T19:21:33.493+05:30,order_items.csv,ERP,batch_01
ITM-000847,ORD-00345,PROD-0006,5,107.73,20.95,41.42,2024-01-29 08:00:00,2026-08-13T19:21:33.493+05:30,order_items.csv,ERP,batch_01
ITM-000848,ORD-00346,PROD-0008,1,308.14,7.94,24.02,2024-01-30 03:00:00,2026-08-13T19:21:33.493+05:30,order_items.csv,ERP,batch_01
ITM-000849,ORD-00346,PROD-0031,4,469.43,194.85,134.63,2024-01-30 03:00:00,2026-08-13T19:21:33.493+05:30,order_items.csv,ERP,batch_01
ITM-000850,ORD-00346,PROD-0056,5,480.47,261.58,171.26,2024-01-30 03:00:00,2026-08-13T19:21:33.493+05:30,order_items.csv,ERP,batch_01
ITM-000851,ORD-00346,PROD-0020,5,446.28,272.16,156.74,2024-01-30 03:00:00,2026-08-13T19:21:33.493+05:30,order_items.csv,ERP,batch_01
ITM-000852,ORD-00347,PROD-0001,2,32.3,1.08,5.08,2024-01-27 19:00:00,2026-08-13T19:21:33.493+05:30,order_items.csv,ERP,batch_01
ITM-000853,ORD-00347,PROD-0002,2,422.64,108.92,58.91,2024-01-27 19:00:00,2026-08-13T19:21:33.493+05:30,order_items.csv,ERP,batch_01
ITM-000854,ORD-00348,PROD-0006,3,107.73,37.31,22.87,2024-01-12 06:00:00,2026-08-13T19:21:33.493+05:30,order_items.csv,ERP,batch_01
ITM-000855,ORD-00348,PROD-0028,1,532.55,9.3,41.86,2024-01-12 06:00:00,2026-08-13T19:21:33.493+05:30,order_items.csv,ERP,batch_01
ITM-000856,ORD-00349,PROD-0013,3,702.72,180.07,154.25,2024-02-03 01:00:00,2026-08-13T19:21:33.493+05:30,order_items.csv,ERP,batch_01
ITM-000857,ORD-00349,PROD-0054,4,317.91,9.71,100.95,2024-02-03 01:00:00,2026-08-13T19:21:33.493+05:30,order_items.csv,ERP,batch_01
ITM-000858,ORD-00350,PROD-0003,4,219.21,52.57,65.94,2024-01-29 23:00:00,2026-08-13T19:21:33.493+05:30,order_items.csv,ERP,batch_01
ITM-000859,ORD-00350,PROD-0033,5,339.92,184.73,121.19,2024-01-29 23:00:00,2026-08-13T19:21:33.493+05:30,order_items.csv,ERP,batch_01
ITM-000860,ORD-00350,PROD-0060,4,209.1,29.09,64.58,2024-01-29 23:00:00,2026-08-13T19:21:33.493+05:30,order_items.csv,ERP,batch_01
ITM-000861,ORD-00351,PROD-0018,4,328.3,175.14,91.04,2024-01-03 23:00:00,2026-08-13T19:21:33.493+05:30,order_items.csv,ERP,batch_01
ITM-000862,ORD-00352,PROD-0019,2,101.24,14.25,15.06,2024-01-31 08:00:00,2026-08-13T19:21:33.493+05:30,order_items.csv,ERP,batch_01
ITM-000863,ORD-00352,PROD-0029,2,323.43,49.26,47.81,2024-01-31 08:00:00,2026-08-13T19:21:33.493+05:30,order_items.csv,ERP,batch_01
ITM-000864,ORD-00353,PROD-0047,4,504.71,290.65,138.26,2024-02-10 08:00:00,2026-08-13T19:21:33.493+05:30,order_items.csv,ERP,batch_01
ITM-000865,ORD-00353,PROD-0054,3,317.91,113.87,67.19,2024-02-10 08:00:00,2026-08-13T19:21:33.493+05:30,order_items.csv,ERP,batch_01
ITM-000866,ORD-00353,PROD-0052,2,502.79,93.8,72.94,2024-02-10 08:00:00,2026-08-13T19:21:33.493+05:30,order_items.csv,ERP,batch_01
ITM-000867,ORD-00354,PROD-0039,4,379.98,23.0,119.75,2024-02-01 14:00:00,2026-08-13T19:21:33.493+05:30,order_items.csv,ERP,batch_01
ITM-000868,ORD-00354,PROD-0032,3,56.77,6.0,13.14,2024-02-01 14:00:00,2026-08-13T19:21:33.493+05:30,order_items.csv,ERP,batch_01
ITM-000869,ORD-00355,PROD-0052,1,502.79,25.47,38.19,2024-01-18 21:00:00,2026-08-13T19:21:33.493+05:30,order_items.csv,ERP,batch_01
ITM-000870,ORD-00356,PROD-0051,3,470.26,162.81,99.84,2024-02-06 17:00:00,2026-08-13T19:21:33.493+05:30,order_items.csv,ERP,batch_01
ITM-000871,ORD-00356,PROD-0050,5,165.94,33.29,63.71,2024-02-06 17:00:00,2026-08-13T19:21:33.493+05:30,order_items.csv,ERP,batch_01
ITM-000872,ORD-00356,PROD-0010,5,133.78,60.63,48.66,2024-02-06 17:00:00,2026-08-13T19:21:33.493+05:30,order_items.csv,ERP,batch_01
ITM-000873,ORD-00357,PROD-0053,5,573.78,18.06,228.07,2024-01-31 00:00:00,2026-08-13T19:21:33.493+05:30,order_items.csv,ERP,batch_01
ITM-000874,ORD-00358,PROD-0046,4,168.98,77.25,47.89,2024-01-09 16:00:00,2026-08-13T19:21:33.493+05:30,order_items.csv,ERP,batch_01
ITM-000875,ORD-00358,PROD-0032,1,56.77,1.31,4.44,2024-01-09 16:00:00,2026-08-13T19:21:33.493+05:30,order_items.csv,ERP,batch_01
ITM-000876,ORD-00358,PROD-0024,3,402.36,148.32,84.7,2024-01-09 16:00:00,2026-08-13T19:21:33.493+05:30,order_items.csv,ERP,batch_01
ITM-000877,ORD-00359,PROD-0022,3,309.11,70.25,68.57,2024-01-30 23:00:00,2026-08-13T19:21:33.493+05:30,order_items.csv,ERP,batch_01
ITM-000878,ORD-00359,PROD-0006,3,107.73,18.06,24.41,2024-01-30 23:00:00,2026-08-13T19:21:33.493+05:30,order_items.csv,ERP,batch_01
ITM-000879,ORD-00359,PROD-0049,4,269.98,58.42,81.72,2024-01-30 23:00:00,2026-08-13T19:21:33.493+05:30,order_items.csv,ERP,batch_01
ITM-000880,ORD-00359,PROD-0043,2,229.48,10.44,35.88,2024-01-30 23:00:00,2026-08-13T19:21:33.493+05:30,order_items.csv,ERP,batch_01
ITM-000881,ORD-00360,PROD-0059,4,65.98,35.55,18.27,2024-01-28 17:00:00,2026-08-13T19:21:33.493+05:30,order_items.csv,ERP,batch_01
ITM-000882,ORD-00360,PROD-0034,3,266.5,113.18,54.91,2024-01-28 17:00:00,2026-08-13T19:21:33.493+05:30,order_items.csv,ERP,batch_01
ITM-000883,ORD-00360,PROD-0050,1,165.94,17.86,11.85,2024-01-28 17:00:00,2026-08-13T19:21:33.493+05:30,order_items.csv,ERP,batch_01
ITM-000884,ORD-00360,PROD-0005,1,377.85,19.17,28.69,2024-01-28 17:00:00,2026-08-13T19:21:33.493+05:30,order_items.csv,ERP,batch_01
ITM-000885,ORD-00361,PROD-0058,5,490.64,21.27,194.55,2024-01-29 11:00:00,2026-08-13T19:21:33.493+05:30,order_items.csv,ERP,batch_01
ITM-000886,ORD-00361,PROD-0041,5,308.67,225.17,105.45,2024-01-29 11:00:00,2026-08-13T19:21:33.493+05:30,order_items.csv,ERP,batch_01
ITM-000887,ORD-00362,PROD-0053,3,573.78,232.43,119.11,2024-02-06 19:00:00,2026-08-13T19:21:33.493+05:30,order_items.csv,ERP,batch_01
ITM-000888,ORD-00363,PROD-0045,3,443.87,177.31,92.34,2024-01-28 00:00:00,2026-08-13T19:21:33.493+05:30,order_items.csv,ERP,batch_01
ITM-000889,ORD-00363,PROD-0026,2,82.97,21.93,11.52,2024-01-28 00:00:00,2026-08-13T19:21:33.493+05:30,order_items.csv,ERP,batch_01
ITM-000890,ORD-00363,PROD-0035,3,393.28,69.02,88.87,2024-01-28 00:00:00,2026-08-13T19:21:33.493+05:30,order_items.csv,ERP,batch_01
ITM-000891,ORD-00363,PROD-0057,2,666.33,104.04,98.29,2024-01-28 00:00:00,2026-08-13T19:21:33.493+05:30,order_items.csv,ERP,batch_01
ITM-000892,ORD-00364,PROD-0049,2,269.98,1.9,43.04,2024-02-04 03:00:00,2026-08-13T19:21:33.493+05:30,order_items.csv,ERP,batch_01
ITM-000893,ORD-00364,PROD-0057,5,666.33,296.1,242.84,2024-02-04 03:00:00,2026-08-13T19:21:33.493+05:30,order_items.csv,ERP,batch_01
ITM-000894,ORD-00364,PROD-0016,3,666.37,217.86,142.5,2024-02-04 03:00:00,2026-08-13T19:21:33.493+05:30,order_items.csv,ERP,batch_01
ITM-000895,ORD-00365,PROD-0008,1,308.14,34.97,21.85,2024-01-05 21:00:00,2026-08-13T19:21:33.493+05:30,order_items.csv,ERP,batch_01
ITM-000896,ORD-00365,PROD-0008,4,308.14,55.09,94.2,2024-01-05 21:00:00,2026-08-13T19:21:33.493+05:30,order_items.csv,ERP,batch_01
ITM-000897,ORD-00365,PROD-0048,1,273.24,18.57,20.37,2024-01-05 21:00:00,2026-08-13T19:21:33.493+05:30,order_items.csv,ERP,batch_01
ITM-000898,ORD-00366,PROD-0023,3,689.9,88.34,158.51,2024-02-08 08:00:00,2026-08-13T19:21:33.493+05:30,order_items.csv,ERP,batch_01
ITM-000899,ORD-00366,PROD-0046,4,168.98,52.69,49.86,2024-02-08 08:00:00,2026-08-13T19:21:33.493+05:30,order_items.csv,ERP,batch_01
ITM-000900,ORD-00367,PROD-0010,4,133.78,66.5,37.49,2024-02-08 16:00:00,2026-08-13T19:21:33.493+05:30,order_items.csv,ERP,batch_01
ITM-000901,ORD-00368,PROD-0029,1,323.43,17.92,24.44,2024-01-05 23:00:00,2026-08-13T19:21:33.493+05:30,order_items.csv,ERP,batch_01
ITM-000902,ORD-00368,PROD-0038,5,217.47,84.64,80.22,2024-01-05 23:00:00,2026-08-13T19:21:33.493+05:30,order_items.csv,ERP,batch_01
ITM-000903,ORD-00369,PROD-0047,4,504.71,249.47,141.55,2024-02-03 06:00:00,2026-08-13T19:21:33.493+05:30,order_items.csv,ERP,batch_01
ITM-000904,ORD-00369,PROD-0010,5,133.78,12.75,52.49,2024-02-03 06:00:00,2026-08-13T19:21:33.493+05:30,order_items.csv,ERP,batch_01
ITM-000905,ORD-00369,PROD-0046,4,168.98,13.12,53.02,2024-02-03 06:00:00,2026-08-13T19:21:33.493+05:30,order_items.csv,ERP,batch_01
ITM-000906,ORD-00369,PROD-0046,5,168.98,109.41,58.84,2024-02-03 06:00:00,2026-08-13T19:21:33.493+05:30,order_items.csv,ERP,batch_01
ITM-000907,ORD-00370,PROD-0059,1,65.98,5.95,4.8,2024-02-01 01:00:00,2026-08-13T19:21:33.493+05:30,order_items.csv,ERP,batch_01
ITM-000908,ORD-00370,PROD-0027,1,310.4,5.63,24.38,2024-02-01 01:00:00,2026-08-13T19:21:33.493+05:30,order_items.csv,ERP,batch_01
ITM-000909,ORD-00370,PROD-0037,3,603.32,10.94,143.92,2024-02-01 01:00:00,2026-08-13T19:21:33.493+05:30,order_items.csv,ERP,batch_01
ITM-000910,ORD-00371,PROD-0032,1,56.77,6.74,4.0,2024-01-25 19:00:00,2026-08-13T19:21:33.493+05:30,order_items.csv,ERP,batch_01
ITM-000911,ORD-00371,PROD-0010,5,133.78,42.32,50.13,2024-01-25 19:00:00,2026-08-13T19:21:33.493+05:30,order_items.csv,ERP,batch_01
ITM-000912,ORD-00371,PROD-0060,3,209.1,83.66,43.49,2024-01-25 19:00:00,2026-08-13T19:21:33.493+05:30,order_items.csv,ERP,batch_01
ITM-000913,ORD-00372,PROD-0005,1,377.85,23.67,28.33,2024-02-02 10:00:00,2026-08-13T19:21:33.493+05:30,order_items.csv,ERP,batch_01
ITM-000914,ORD-00372,PROD-0037,3,603.32,153.6,132.51,2024-02-02 10:00:00,2026-08-13T19:21:33.493+05:30,order_items.csv,ERP,batch_01
ITM-000915,ORD-00372,PROD-0058,3,490.64,172.51,103.95,2024-02-02 10:00:00,2026-08-13T19:21:33.493+05:30,order_items.csv,ERP,batch_01
ITM-000916,ORD-00373,PROD-0043,4,229.48,20.51,71.79,2024-01-10 14:00:00,2026-08-13T19:21:33.493+05:30,order_items.csv,ERP,batch_01
ITM-000917,ORD-00373,PROD-0052,5,502.79,250.58,181.07,2024-01-10 14:00:00,2026-08-13T19:21:33.493+05:30,order_items.csv,ERP,batch_01
ITM-000918,ORD-00373,PROD-0015,4,150.54,30.62,45.72,2024-01-10 14:00:00,2026-08-13T19:21:33.493+05:30,order_items.csv,ERP,batch_01
ITM-000919,ORD-00373,PROD-0048,3,273.24,79.42,59.22,2024-01-10 14:00:00,2026-08-13T19:21:33.493+05:30,order_items.csv,ERP,batch_01
ITM-000920,ORD-00374,PROD-0013,5,702.72,285.57,258.24,2024-02-07 06:00:00,2026-08-13T19:21:33.493+05:30,order_items.csv,ERP,batch_01
ITM-000921,ORD-00375,PROD-0008,5,308.14,41.54,119.93,2024-02-08 02:00:00,2026-08-13T19:21:33.493+05:30,order_items.csv,ERP,batch_01
ITM-000922,ORD-00376,PROD-0026,5,82.97,2.8,32.96,2024-01-30 12:00:00,2026-08-13T19:21:33.493+05:30,order_items.csv,ERP,batch_01
ITM-000923,ORD-00376,PROD-0028,2,532.55,66.29,79.9,2024-01-30 12:00:00,2026-08-13T19:21:33.493+05:30,order_items.csv,ERP,batch_01
ITM-000924,ORD-00376,PROD-0025,3,542.08,22.2,128.32,2024-01-30 12:00:00,2026-08-13T19:21:33.493+05:30,order_items.csv,ERP,batch_01
ITM-000925,ORD-00377,PROD-0027,2,310.4,5.49,49.22,2024-01-13 18:00:00,2026-08-13T19:21:33.493+05:30,order_items.csv,ERP,batch_01
ITM-000926,ORD-00377,PROD-0021,2,704.47,5.74,112.26,2024-01-13 18:00:00,2026-08-13T19:21:33.493+05:30,order_items.csv,ERP,batch_01
ITM-000927,ORD-00377,PROD-0004,3,787.13,138.12,177.86,2024-01-13 18:00:00,2026-08-13T19:21:33.493+05:30,order_items.csv,ERP,batch_01
ITM-000928,ORD-00378,PROD-0004,2,787.13,56.58,121.41,2024-01-28 20:00:00,2026-08-13T19:21:33.493+05:30,order_items.csv,ERP,batch_01
ITM-000929,ORD-00379,PROD-0008,3,308.14,8.41,73.28,2024-01-18 01:00:00,2026-08-13T19:21:33.493+05:30,order_items.csv,ERP,batch_01
ITM-000930,ORD-00379,PROD-0005,4,377.85,6.55,120.39,2024-01-18 01:00:00,2026-08-13T19:21:33.493+05:30,order_items.csv,ERP,batch_01
ITM-000931,ORD-00379,PROD-0018,5,328.3,237.23,112.34,2024-01-18 01:00:00,2026-08-13T19:21:33.493+05:30,order_items.csv,ERP,batch_01
ITM-000932,ORD-00379,PROD-0049,5,269.98,131.93,97.44,2024-01-18 01:00:00,2026-08-13T19:21:33.493+05:30,order_items.csv,ERP,batch_01
ITM-000933,ORD-00380,PROD-0024,5,402.36,297.34,137.16,2024-01-30 12:00:00,2026-08-13T19:21:33.493+05:30,order_items.csv,ERP,batch_01
ITM-000934,ORD-00380,PROD-0059,5,65.98,22.35,24.6,2024-01-30 12:00:00,2026-08-13T19:21:33.493+05:30,order_items.csv,ERP,batch_01
ITM-000935,ORD-00381,PROD-0039,3,379.98,143.54,79.71,2024-01-12 10:00:00,2026-08-13T19:21:33.493+05:30,order_items.csv,ERP,batch_01
ITM-000936,ORD-00381,PROD-0025,3,542.08,205.5,113.66,2024-01-12 10:00:00,2026-08-13T19:21:33.493+05:30,order_items.csv,ERP,batch_01
ITM-000937,ORD-00381,PROD-0014,5,106.8,67.34,37.33,2024-01-12 10:00:00,2026-08-13T19:21:33.493+05:30,order_items.csv,ERP,batch_01
ITM-000938,ORD-00382,PROD-0020,1,446.28,26.46,33.59,2024-01-13 09:00:00,2026-08-13T19:21:33.493+05:30,order_items.csv,ERP,batch_01
ITM-000939,ORD-00383,PROD-0057,3,666.33,190.45,144.68,2024-01-19 23:00:00,2026-08-13T19:21:33.493+05:30,order_items.csv,ERP,batch_01
ITM-000940,ORD-00383,PROD-0046,4,168.98,27.68,51.86,2024-01-19 23:00:00,2026-08-13T19:21:33.493+05:30,order_items.csv,ERP,batch_01
ITM-000941,ORD-00383,PROD-0021,3,704.47,66.77,163.73,2024-01-19 23:00:00,2026-08-13T19:21:33.493+05:30,order_items.csv,ERP,batch_01
ITM-000942,ORD-00384,PROD-0001,1,32.3,3.26,2.32,2024-01-11 06:00:00,2026-08-13T19:21:33.493+05:30,order_items.csv,ERP,batch_01
ITM-000943,ORD-00384,PROD-0027,5,310.4,208.42,107.49,2024-01-11 06:00:00,2026-08-13T19:21:33.493+05:30,order_items.csv,ERP,batch_01
ITM-000944,ORD-00384,PROD-0046,4,168.98,77.3,47.89,2024-01-11 06:00:00,2026-08-13T19:21:33.493+05:30,order_items.csv,ERP,batch_01
ITM-000945,ORD-00384,PROD-0035,1,393.28,46.44,27.75,2024-01-11 06:00:00,2026-08-13T19:21:33.493+05:30,order_items.csv,ERP,batch_01
ITM-000946,ORD-00385,PROD-0053,4,573.78,284.87,160.82,2024-02-05 10:00:00,2026-08-13T19:21:33.493+05:30,order_items.csv,ERP,batch_01
ITM-000947,ORD-00385,PROD-0023,4,689.9,73.34,214.9,2024-02-05 10:00:00,2026-08-13T19:21:33.493+05:30,order_items.csv,ERP,batch_01
ITM-000948,ORD-00385,PROD-0050,1,165.94,3.11,13.03,2024-02-05 10:00:00,2026-08-13T19:21:33.493+05:30,order_items.csv,ERP,batch_01
ITM-000949,ORD-00386,PROD-0044,3,113.49,9.78,26.46,2024-01-30 10:00:00,2026-08-13T19:21:33.493+05:30,order_items.csv,ERP,batch_01
ITM-000950,ORD-00386,PROD-0041,3,308.67,112.29,65.1,2024-01-30 10:00:00,2026-08-13T19:21:33.493+05:30,order_items.csv,ERP,batch_01
ITM-000951,ORD-00386,PROD-0032,3,56.77,0.94,13.55,2024-01-30 10:00:00,2026-08-13T19:21:33.493+05:30,order_items.csv,ERP,batch_01
ITM-000952,ORD-00387,PROD-0056,3,480.47,123.05,105.47,2024-01-15 10:00:00,2026-08-13T19:21:33.493+05:30,order_items.csv,ERP,batch_01
ITM-000953,ORD-00388,PROD-0005,5,377.85,36.34,148.23,2024-02-08 07:00:00,2026-08-13T19:21:33.493+05:30,order_items.csv,ERP,batch_01
ITM-000954,ORD-00388,PROD-0017,5,387.29,248.49,135.04,2024-02-08 07:00:00,2026-08-13T19:21:33.493+05:30,order_items.csv,ERP,batch_01
ITM-000955,ORD-00389,PROD-0001,4,32.3,12.42,9.34,2024-02-06 05:00:00,2026-08-13T19:21:33.493+05:30,order_items.csv,ERP,batch_01
ITM-000956,ORD-00389,PROD-0042,1,355.95,45.59,24.83,2024-02-06 05:00:00,2026-08-13T19:21:33.493+05:30,order_items.csv,ERP,batch_01
ITM-000957,ORD-00389,PROD-0021,4,704.47,356.89,196.88,2024-02-06 05:00:00,2026-08-13T19:21:33.493+05:30,order_items.csv,ERP,batch_01
ITM-000958,ORD-00389,PROD-0027,3,310.4,17.0,73.14,2024-02-06 05:00:00,2026-08-13T19:21:33.493+05:30,order_items.csv,ERP,batch_01
ITM-000959,ORD-00390,PROD-0004,3,787.13,325.3,162.89,2024-02-02 21:00:00,2026-08-13T19:21:33.493+05:30,order_items.csv,ERP,batch_01
ITM-000960,ORD-00390,PROD-0021,1,704.47,41.41,53.04,2024-02-02 21:00:00,2026-08-13T19:21:33.493+05:30,order_items.csv,ERP,batch_01
ITM-000961,ORD-00391,PROD-0013,2,702.72,69.41,106.88,2024-01-17 08:00:00,2026-08-13T19:21:33.493+05:30,order_items.csv,ERP,batch_01
ITM-000962,ORD-00391,PROD-0005,1,377.85,1.58,30.1,2024-01-17 08:00:00,2026-08-13T19:21:33.493+05:30,order_items.csv,ERP,batch_01
ITM-000963,ORD-00392,PROD-0007,4,59.89,8.57,18.48,2024-02-09 06:00:00,2026-08-13T19:21:33.493+05:30,order_items.csv,ERP,batch_01
ITM-000964,ORD-00392,PROD-0022,1,309.11,38.1,21.68,2024-02-09 06:00:00,2026-08-13T19:21:33.493+05:30,order_items.csv,ERP,batch_01
ITM-000965,ORD-00393,PROD-0041,4,308.67,107.22,90.2,2024-01-07 05:00:00,2026-08-13T19:21:33.493+05:30,order_items.csv,ERP,batch_01
ITM-000966,ORD-00394,PROD-0059,4,65.98,2.17,20.94,2024-01-23 08:00:00,2026-08-13T19:21:33.493+05:30,order_items.csv,ERP,batch_01
ITM-000967,ORD-00395,PROD-0019,4,101.24,24.4,30.44,2024-01-06 13:00:00,2026-08-13T19:21:33.493+05:30,order_items.csv,ERP,batch_01
ITM-000968,ORD-00396,PROD-0025,4,542.08,258.63,152.78,2024-01-17 05:00:00,2026-08-13T19:21:33.493+05:30,order_items.csv,ERP,batch_01
ITM-000969,ORD-00396,PROD-0022,1,309.11,21.05,23.04,2024-01-17 05:00:00,2026-08-13T19:21:33.493+05:30,order_items.csv,ERP,batch_01
ITM-000970,ORD-00396,PROD-0007,1,59.89,0.11,4.78,2024-01-17 05:00:00,2026-08-13T19:21:33.493+05:30,order_items.csv,ERP,batch_01
ITM-000971,ORD-00396,PROD-0058,5,490.64,46.36,192.55,2024-01-17 05:00:00,2026-08-13T19:21:33.493+05:30,order_items.csv,ERP,batch_01
ITM-000972,ORD-00397,PROD-0016,2,666.37,159.33,93.87,2024-02-02 09:00:00,2026-08-13T19:21:33.493+05:30,order_items.csv,ERP,batch_01
ITM-000973,ORD-00397,PROD-0020,5,446.28,145.88,166.84,2024-02-02 09:00:00,2026-08-13T19:21:33.493+05:30,order_items.csv,ERP,batch_01
ITM-000974,ORD-00398,PROD-0019,3,101.24,44.2,20.76,2024-01-11 14:00:00,2026-08-13T19:21:33.493+05:30,order_items.csv,ERP,batch_01
ITM-000975,ORD-00398,PROD-0034,5,266.5,131.45,96.08,2024-01-11 14:00:00,2026-08-13T19:21:33.493+05:30,order_items.csv,ERP,batch_01
ITM-000976,ORD-00398,PROD-0010,1,133.78,4.76,10.32,2024-01-11 14:00:00,2026-08-13T19:21:33.493+05:30,order_items.csv,ERP,batch_01
ITM-000977,ORD-00399,PROD-0051,1,470.26,24.09,35.69,2024-01-29 21:00:00,2026-08-13T19:21:33.493+05:30,order_items.csv,ERP,batch_01
ITM-000978,ORD-00399,PROD-0045,4,443.87,159.73,129.26,2024-01-29 21:00:00,2026-08-13T19:21:33.493+05:30,order_items.csv,ERP,batch_01
ITM-000979,ORD-00400,PROD-0011,1,664.57,45.29,49.54,2024-01-24 05:00:00,2026-08-13T19:21:33.493+05:30,order_items.csv,ERP,batch_01
ITM-000980,ORD-00400,PROD-0051,1,470.26,34.98,34.82,2024-01-24 05:00:00,2026-08-13T19:21:33.493+05:30,order_items.csv,ERP,batch_01
ITM-000981,ORD-00400,PROD-0059,1,65.98,6.32,4.77,2024-01-24 05:00:00,2026-08-13T19:21:33.493+05:30,order_items.csv,ERP,batch_01
ITM-000982,ORD-00401,PROD-0048,3,273.24,99.26,57.64,2024-02-01 05:00:00,2026-08-13T19:21:33.493+05:30,order_items.csv,ERP,batch_01
ITM-000983,ORD-00401,PROD-0026,2,82.97,20.56,11.63,2024-02-01 05:00:00,2026-08-13T19:21:33.493+05:30,order_items.csv,ERP,batch_01
ITM-000984,ORD-00401,PROD-0023,1,689.9,57.4,50.6,2024-02-01 05:00:00,2026-08-13T19:21:33.493+05:30,order_items.csv,ERP,batch_01
ITM-000985,ORD-00401,PROD-0029,2,323.43,61.26,46.85,2024-02-01 05:00:00,2026-08-13T19:21:33.493+05:30,order_items.csv,ERP,batch_01
ITM-000986,ORD-00402,PROD-0015,3,150.54,48.7,32.23,2024-01-03 16:00:00,2026-08-13T19:21:33.493+05:30,order_items.csv,ERP,batch_01
ITM-000987,ORD-00402,PROD-0036,2,428.31,22.94,66.69,2024-01-03 16:00:00,2026-08-13T19:21:33.493+05:30,order_items.csv,ERP,batch_01
ITM-000988,ORD-00403,PROD-0020,4,446.28,64.3,137.67,2024-01-27 06:00:00,2026-08-13T19:21:33.493+05:30,order_items.csv,ERP,batch_01
ITM-000989,ORD-00403,PROD-0052,3,502.79,149.53,108.71,2024-01-27 06:00:00,2026-08-13T19:21:33.493+05:30,order_items.csv,ERP,batch_01
ITM-000990,ORD-00404,PROD-0057,2,666.33,158.9,93.9,2024-01-30 08:00:00,2026-08-13T19:21:33.493+05:30,order_items.csv,ERP,batch_01
ITM-000991,ORD-00404,PROD-0013,5,702.72,199.32,265.14,2024-01-30 08:00:00,2026-08-13T19:21:33.493+05:30,order_items.csv,ERP,batch_01
ITM-000992,ORD-00405,PROD-0055,5,425.29,93.83,162.61,2024-02-09 23:00:00,2026-08-13T19:21:33.493+05:30,order_items.csv,ERP,batch_01
ITM-000993,ORD-00405,PROD-0016,1,666.37,62.92,48.28,2024-02-09 23:00:00,2026-08-13T19:21:33.493+05:30,order_items.csv,ERP,batch_01
ITM-000994,ORD-00406,PROD-0051,5,470.26,22.88,186.27,2024-02-09 01:00:00,2026-08-13T19:21:33.493+05:30,order_items.csv,ERP,batch_01
ITM-000995,ORD-00406,PROD-0049,5,269.98,75.78,101.93,2024-02-09 01:00:00,2026-08-13T19:21:33.493+05:30,order_items.csv,ERP,batch_01
ITM-000996,ORD-00406,PROD-0012,3,564.68,181.05,121.04,2024-02-09 01:00:00,2026-08-13T19:21:33.493+05:30,order_items.csv,ERP,batch_01
ITM-000997,ORD-00406,PROD-0031,4,469.43,133.44,139.54,2024-02-09 01:00:00,2026-08-13T19:21:33.493+05:30,order_items.csv,ERP,batch_01
ITM-000998,ORD-00407,PROD-0056,2,480.47,57.07,72.31,2024-01-04 16:00:00,2026-08-13T19:21:33.493+05:30,order_items.csv,ERP,batch_01
ITM-000999,ORD-00407,PROD-0057,4,666.33,228.43,194.95,2024-01-04 16:00:00,2026-08-13T19:21:33.493+05:30,order_items.csv,ERP,batch_01
ITM-001000,ORD-00407,PROD-0024,3,402.36,99.68,88.59,2024-01-04 16:00:00,2026-08-13T19:21:33.493+05:30,order_items.csv,ERP,batch_01
ITM-001001,ORD-00407,PROD-0006,3,107.73,21.55,24.13,2024-01-04 16:00:00,2026-08-13T19:21:33.493+05:30,order_items.csv,ERP,batch_01
ITM-001002,ORD-00408,PROD-0029,4,323.43,83.93,96.78,2024-02-01 02:00:00,2026-08-13T19:21:33.493+05:30,order_items.csv,ERP,batch_01
ITM-001003,ORD-00408,PROD-0021,3,704.47,121.22,159.38,2024-02-01 02:00:00,2026-08-13T19:21:33.493+05:30,order_items.csv,ERP,batch_01
ITM-001004,ORD-00408,PROD-0015,3,150.54,43.72,32.63,2024-02-01 02:00:00,2026-08-13T19:21:33.493+05:30,order_items.csv,ERP,batch_01
ITM-001005,ORD-00408,PROD-0019,5,101.24,38.94,37.38,2024-02-01 02:00:00,2026-08-13T19:21:33.493+05:30,order_items.csv,ERP,batch_01
ITM-001006,ORD-00409,PROD-0022,2,309.11,62.6,44.45,2024-01-09 12:00:00,2026-08-13T19:21:33.493+05:30,order_items.csv,ERP,batch_01
ITM-001007,ORD-00409,PROD-0017,3,387.29,129.88,82.56,2024-01-09 12:00:00,2026-08-13T19:21:33.493+05:30,order_items.csv,ERP,batch_01
ITM-001008,ORD-00410,PROD-0001,3,32.3,4.1,7.42,2024-01-15 08:00:00,2026-08-13T19:21:33.493+05:30,order_items.csv,ERP,batch_01
ITM-001009,ORD-00410,PROD-0026,5,82.97,47.16,29.42,2024-01-15 08:00:00,2026-08-13T19:21:33.493+05:30,order_items.csv,ERP,batch_01
ITM-001010,ORD-00410,PROD-0042,5,355.95,264.1,121.25,2024-01-15 08:00:00,2026-08-13T19:21:33.493+05:30,order_items.csv,ERP,batch_01
ITM-001011,ORD-00411,PROD-0047,4,504.71,103.16,153.25,2024-01-16 01:00:00,2026-08-13T19:21:33.493+05:30,order_items.csv,ERP,batch_01
ITM-001012,ORD-00411,PROD-0055,2,425.29,54.71,63.67,2024-01-16 01:00:00,2026-08-13T19:21:33.493+05:30,order_items.csv,ERP,batch_01
ITM-001013,ORD-00411,PROD-0027,2,310.4,40.85,46.4,2024-01-16 01:00:00,2026-08-13T19:21:33.493+05:30,order_items.csv,ERP,batch_01
ITM-001014,ORD-00411,PROD-0002,3,422.64,26.43,99.32,2024-01-16 01:00:00,2026-08-13T19:21:33.493+05:30,order_items.csv,ERP,batch_01
ITM-001015,ORD-00412,PROD-0027,4,310.4,127.72,89.11,2024-02-03 07:00:00,2026-08-13T19:21:33.493+05:30,order_items.csv,ERP,batch_01
ITM-001016,ORD-00412,PROD-0026,5,82.97,18.65,31.7,2024-02-03 07:00:00,2026-08-13T19:21:33.493+05:30,order_items.csv,ERP,batch_01
ITM-001017,ORD-00413,PROD-0037,5,603.32,413.46,208.25,2024-02-07 11:00:00,2026-08-13T19:21:33.493+05:30,order_items.csv,ERP,batch_01
ITM-001018,ORD-00413,PROD-0026,4,82.97,10.17,25.74,2024-02-07 11:00:00,2026-08-13T19:21:33.493+05:30,order_items.csv,ERP,batch_01
ITM-001019,ORD-00413,PROD-0035,4,393.28,44.44,122.29,2024-02-07 11:00:00,2026-08-13T19:21:33.493+05:30,order_items.csv,ERP,batch_01
ITM-001020,ORD-00414,PROD-0003,5,219.21,80.33,81.26,2024-01-21 12:00:00,2026-08-13T19:21:33.493+05:30,order_items.csv,ERP,batch_01
ITM-001021,ORD-00414,PROD-0005,4,377.85,64.34,115.76,2024-01-21 12:00:00,2026-08-13T19:21:33.493+05:30,order_items.csv,ERP,batch_01
ITM-001022,ORD-00415,PROD-0011,3,664.57,257.1,138.93,2024-01-07 00:00:00,2026-08-13T19:21:33.493+05:30,order_items.csv,ERP,batch_01
ITM-001023,ORD-00416,PROD-0031,1,469.43,27.39,35.36,2024-01-12 13:00:00,2026-08-13T19:21:33.493+05:30,order_items.csv,ERP,batch_01
ITM-001024,ORD-00416,PROD-0014,2,106.8,27.89,14.86,2024-01-12 13:00:00,2026-08-13T19:21:33.493+05:30,order_items.csv,ERP,batch_01
ITM-001025,ORD-00416,PROD-0053,4,573.78,54.66,179.24,2024-01-12 13:00:00,2026-08-13T19:21:33.493+05:30,order_items.csv,ERP,batch_01
ITM-001026,ORD-00416,PROD-0020,5,446.28,67.94,173.08,2024-01-12 13:00:00,2026-08-13T19:21:33.493+05:30,order_items.csv,ERP,batch_01
ITM-001027,ORD-00417,PROD-0053,4,573.78,208.23,166.95,2024-01-14 10:00:00,2026-08-13T19:21:33.493+05:30,order_items.csv,ERP,batch_01
ITM-001028,ORD-00418,PROD-0048,1,273.24,11.8,20.92,2024-02-03 00:00:00,2026-08-13T19:21:33.493+05:30,order_items.csv,ERP,batch_01
ITM-001029,ORD-00419,PROD-0016,2,666.37,179.91,92.23,2024-01-21 22:00:00,2026-08-13T19:21:33.493+05:30,order_items.csv,ERP,batch_01
ITM-001030,ORD-00419,PROD-0025,2,542.08,113.6,77.64,2024-01-21 22:00:00,2026-08-13T19:21:33.493+05:30,order_items.csv,ERP,batch_01
ITM-001031,ORD-00419,PROD-0045,1,443.87,15.96,34.23,2024-01-21 22:00:00,2026-08-13T19:21:33.493+05:30,order_items.csv,ERP,batch_01
ITM-001032,ORD-00419,PROD-0057,5,666.33,145.87,254.86,2024-01-21 22:00:00,2026-08-13T19:21:33.493+05:30,order_items.csv,ERP,batch_01
ITM-001033,ORD-00420,PROD-0033,3,339.92,62.73,76.56,2024-02-06 13:00:00,2026-08-13T19:21:33.493+05:30,order_items.csv,ERP,batch_01
ITM-001034,ORD-00421,PROD-0005,4,377.85,86.41,114.0,2024-01-16 02:00:00,2026-08-13T19:21:33.493+05:30,order_items.csv,ERP,batch_01
ITM-001035,ORD-00422,PROD-0008,2,308.14,30.24,46.88,2024-01-14 22:00:00,2026-08-13T19:21:33.493+05:30,order_items.csv,ERP,batch_01
ITM-001036,ORD-00422,PROD-0048,4,273.24,79.47,81.08,2024-01-14 22:00:00,2026-08-13T19:21:33.493+05:30,order_items.csv,ERP,batch_01
ITM-001037,ORD-00422,PROD-0005,1,377.85,31.08,27.74,2024-01-14 22:00:00,2026-08-13T19:21:33.493+05:30,order_items.csv,ERP,batch_01
ITM-001038,ORD-00423,PROD-0054,1,317.91,28.95,23.12,2024-01-11 01:00:00,2026-08-13T19:21:33.493+05:30,order_items.csv,ERP,batch_01
ITM-001039,ORD-00423,PROD-0012,3,564.68,31.55,133.0,2024-01-11 01:00:00,2026-08-13T19:21:33.493+05:30,order_items.csv,ERP,batch_01
ITM-001040,ORD-00424,PROD-0029,3,323.43,25.9,75.55,2024-01-12 12:00:00,2026-08-13T19:21:33.493+05:30,order_items.csv,ERP,batch_01
ITM-001041,ORD-00424,PROD-0046,1,168.98,22.63,11.71,2024-01-12 12:00:00,2026-08-13T19:21:33.493+05:30,order_items.csv,ERP,batch_01
ITM-001042,ORD-00425,PROD-0025,3,542.08,108.3,121.44,2024-01-31 08:00:00,2026-08-13T19:21:33.493+05:30,order_items.csv,ERP,batch_01
ITM-001043,ORD-00426,PROD-0059,2,65.98,3.96,10.24,2024-01-05 22:00:00,2026-08-13T19:21:33.493+05:30,order_items.csv,ERP,batch_01
ITM-001044,ORD-00426,PROD-0022,2,309.11,63.05,44.41,2024-01-05 22:00:00,2026-08-13T19:21:33.493+05:30,order_items.csv,ERP,batch_01
ITM-001045,ORD-00426,PROD-0047,2,504.71,6.66,80.22,2024-01-05 22:00:00,2026-08-13T19:21:33.493+05:30,order_items.csv,ERP,batch_01
ITM-001046,ORD-00427,PROD-0060,5,209.1,61.96,78.68,2024-02-07 06:00:00,2026-08-13T19:21:33.493+05:30,order_items.csv,ERP,batch_01
ITM-001047,ORD-00427,PROD-0015,2,150.54,4.78,23.7,2024-02-07 06:00:00,2026-08-13T19:21:33.493+05:30,order_items.csv,ERP,batch_01
ITM-001048,ORD-00428,PROD-0015,1,150.54,14.86,10.85,2024-01-22 10:00:00,2026-08-13T19:21:33.493+05:30,order_items.csv,ERP,batch_01
ITM-001049,ORD-00428,PROD-0018,5,328.3,90.85,124.05,2024-01-22 10:00:00,2026-08-13T19:21:33.493+05:30,order_items.csv,ERP,batch_01
ITM-001050,ORD-00428,PROD-0005,2,377.85,46.6,56.73,2024-01-22 10:00:00,2026-08-13T19:21:33.493+05:30,order_items.csv,ERP,batch_01
ITM-001051,ORD-00428,PROD-0050,5,165.94,62.17,61.4,2024-01-22 10:00:00,2026-08-13T19:21:33.493+05:30,order_items.csv,ERP,batch_01
ITM-001052,ORD-00429,PROD-0041,4,308.67,125.55,88.73,2024-02-07 15:00:00,2026-08-13T19:21:33.493+05:30,order_items.csv,ERP,batch_01
ITM-001053,ORD-00429,PROD-0050,2,165.94,16.53,25.23,2024-02-07 15:00:00,2026-08-13T19:21:33.493+05:30,order_items.csv,ERP,batch_01
ITM-001054,ORD-00429,PROD-0041,3,308.67,135.85,63.21,2024-02-07 15:00:00,2026-08-13T19:21:33.493+05:30,order_items.csv,ERP,batch_01
ITM-001055,ORD-00430,PROD-0025,5,542.08,260.44,196.0,2024-01-06 20:00:00,2026-08-13T19:21:33.493+05:30,order_items.csv,ERP,batch_01
ITM-001056,ORD-00430,PROD-0015,5,150.54,66.33,54.91,2024-01-06 20:00:00,2026-08-13T19:21:33.493+05:30,order_items.csv,ERP,batch_01
ITM-001057,ORD-00430,PROD-0001,2,32.3,0.21,5.15,2024-01-06 20:00:00,2026-08-13T19:21:33.493+05:30,order_items.csv,ERP,batch_01
ITM-001058,ORD-00430,PROD-0049,1,269.98,12.51,20.6,2024-01-06 20:00:00,2026-08-13T19:21:33.493+05:30,order_items.csv,ERP,batch_01
ITM-001059,ORD-00431,PROD-0024,4,402.36,71.61,123.03,2024-01-18 05:00:00,2026-08-13T19:21:33.493+05:30,order_items.csv,ERP,batch_01
ITM-001060,ORD-00431,PROD-0010,4,133.78,16.41,41.5,2024-01-18 05:00:00,2026-08-13T19:21:33.493+05:30,order_items.csv,ERP,batch_01
ITM-001061,ORD-00432,PROD-0021,1,704.47,55.04,51.95,2024-02-10 00:00:00,2026-08-13T19:21:33.493+05:30,order_items.csv,ERP,batch_01
ITM-001062,ORD-00432,PROD-0027,3,310.4,104.84,66.11,2024-02-10 00:00:00,2026-08-13T19:21:33.493+05:30,order_items.csv,ERP,batch_01
ITM-001063,ORD-00432,PROD-0015,3,150.54,23.22,34.27,2024-02-10 00:00:00,2026-08-13T19:21:33.493+05:30,order_items.csv,ERP,batch_01
ITM-001064,ORD-00433,PROD-0034,3,266.5,22.01,62.2,2024-01-06 07:00:00,2026-08-13T19:21:33.493+05:30,order_items.csv,ERP,batch_01
ITM-001065,ORD-00433,PROD-0005,4,377.85,15.87,119.64,2024-01-06 07:00:00,2026-08-13T19:21:33.493+05:30,order_items.csv,ERP,batch_01
ITM-001066,ORD-00433,PROD-0041,2,308.67,86.89,42.44,2024-01-06 07:00:00,2026-08-13T19:21:33.493+05:30,order_items.csv,ERP,batch_01
ITM-001067,ORD-00433,PROD-0012,5,564.68,232.44,207.28,2024-01-06 07:00:00,2026-08-13T19:21:33.493+05:30,order_items.csv,ERP,batch_01
ITM-001068,ORD-00434,PROD-0011,2,664.57,48.83,102.42,2024-02-03 12:00:00,2026-08-13T19:21:33.493+05:30,order_items.csv,ERP,batch_01
ITM-001069,ORD-00434,PROD-0012,5,564.68,105.44,217.44,2024-02-03 12:00:00,2026-08-13T19:21:33.493+05:30,order_items.csv,ERP,batch_01
ITM-001070,ORD-00434,PROD-0019,5,101.24,34.04,37.77,2024-02-03 12:00:00,2026-08-13T19:21:33.493+05:30,order_items.csv,ERP,batch_01
ITM-001071,ORD-00435,PROD-0025,2,542.08,76.55,80.61,2024-01-20 01:00:00,2026-08-13T19:21:33.493+05:30,order_items.csv,ERP,batch_01
ITM-001072,ORD-00435,PROD-0028,5,532.55,243.4,193.55,2024-01-20 01:00:00,2026-08-13T19:21:33.493+05:30,order_items.csv,ERP,batch_01
ITM-001073,ORD-00435,PROD-0028,2,532.55,130.94,74.73,2024-01-20 01:00:00,2026-08-13T19:21:33.493+05:30,order_items.csv,ERP,batch_01
ITM-001074,ORD-00435,PROD-0051,4,470.26,5.59,150.04,2024-01-20 01:00:00,2026-08-13T19:21:33.493+05:30,order_items.csv,ERP,batch_01
ITM-001075,ORD-00436,PROD-0036,2,428.31,33.06,65.88,2024-01-07 19:00:00,2026-08-13T19:21:33.493+05:30,order_items.csv,ERP,batch_01
ITM-001076,ORD-00436,PROD-0030,3,403.71,68.15,91.44,2024-01-07 19:00:00,2026-08-13T19:21:33.493+05:30,order_items.csv,ERP,batch_01
ITM-001077,ORD-00437,PROD-0059,2,65.98,0.08,10.55,2024-01-11 08:00:00,2026-08-13T19:21:33.493+05:30,order_items.csv,ERP,batch_01
ITM-001078,ORD-00437,PROD-0056,5,480.47,263.19,171.13,2024-01-11 08:00:00,2026-08-13T19:21:33.493+05:30,order_items.csv,ERP,batch_01
ITM-001079,ORD-00438,PROD-0032,3,56.77,16.38,12.31,2024-01-27 23:00:00,2026-08-13T19:21:33.493+05:30,order_items.csv,ERP,batch_01
ITM-001080,ORD-00438,PROD-0038,1,217.47,13.33,16.33,2024-01-27 23:00:00,2026-08-13T19:21:33.493+05:30,order_items.csv,ERP,batch_01
ITM-001081,ORD-00438,PROD-0003,1,219.21,12.65,16.52,2024-01-27 23:00:00,2026-08-13T19:21:33.493+05:30,order_items.csv,ERP,batch_01
ITM-001082,ORD-00438,PROD-0037,2,603.32,35.15,93.72,2024-01-27 23:00:00,2026-08-13T19:21:33.493+05:30,order_items.csv,ERP,batch_01
ITM-001083,ORD-00439,PROD-0042,4,355.95,197.88,98.07,2024-01-25 02:00:00,2026-08-13T19:21:33.493+05:30,order_items.csv,ERP,batch_01
ITM-001084,ORD-00440,PROD-0045,2,443.87,34.8,68.24,2024-01-18 01:00:00,2026-08-13T19:21:33.493+05:30,order_items.csv,ERP,batch_01
ITM-001085,ORD-00441,PROD-0001,1,32.3,3.74,2.28,2024-01-18 17:00:00,2026-08-13T19:21:33.493+05:30,order_items.csv,ERP,batch_01
ITM-001086,ORD-00441,PROD-0046,5,168.98,123.46,57.72,2024-01-18 17:00:00,2026-08-13T19:21:33.493+05:30,order_items.csv,ERP,batch_01
ITM-001087,ORD-00442,PROD-0038,3,217.47,71.82,46.45,2024-01-29 18:00:00,2026-08-13T19:21:33.493+05:30,order_items.csv,ERP,batch_01
ITM-001088,ORD-00442,PROD-0049,1,269.98,4.43,21.24,2024-01-29 18:00:00,2026-08-13T19:21:33.493+05:30,order_items.csv,ERP,batch_01
ITM-001089,ORD-00442,PROD-0037,3,603.32,221.06,127.11,2024-01-29 18:00:00,2026-08-13T19:21:33.493+05:30,order_items.csv,ERP,batch_01
ITM-001090,ORD-00442,PROD-0018,2,328.3,91.6,45.2,2024-01-29 18:00:00,2026-08-13T19:21:33.493+05:30,order_items.csv,ERP,batch_01
ITM-001091,ORD-00443,PROD-0005,4,377.85,119.01,111.39,2024-01-02 15:00:00,2026-08-13T19:21:33.493+05:30,order_items.csv,ERP,batch_01
ITM-001092,ORD-00444,PROD-0046,2,168.98,10.04,26.23,2024-01-29 15:00:00,2026-08-13T19:21:33.493+05:30,order_items.csv,ERP,batch_01
ITM-001093,ORD-00444,PROD-0008,4,308.14,104.85,90.22,2024-01-29 15:00:00,2026-08-13T19:21:33.493+05:30,order_items.csv,ERP,batch_01
ITM-001094,ORD-00445,PROD-0041,5,308.67,25.28,121.45,2024-01-13 16:00:00,2026-08-13T19:21:33.493+05:30,order_items.csv,ERP,batch_01
ITM-001095,ORD-00445,PROD-0041,2,308.67,7.39,48.8,2024-01-13 16:00:00,2026-08-13T19:21:33.493+05:30,order_items.csv,ERP,batch_01
ITM-001096,ORD-00445,PROD-0006,4,107.73,8.06,33.83,2024-01-13 16:00:00,2026-08-13T19:21:33.493+05:30,order_items.csv,ERP,batch_01
ITM-001097,ORD-00445,PROD-0005,3,377.85,5.04,90.28,2024-01-13 16:00:00,2026-08-13T19:21:33.493+05:30,order_items.csv,ERP,batch_01
ITM-001098,ORD-00446,PROD-0018,1,328.3,32.76,23.64,2024-02-03 07:00:00,2026-08-13T19:21:33.493+05:30,order_items.csv,ERP,batch_01
ITM-001099,ORD-00447,PROD-0060,4,209.1,59.37,62.16,2024-01-16 02:00:00,2026-08-13T19:21:33.493+05:30,order_items.csv,ERP,batch_01
ITM-001100,ORD-00447,PROD-0022,5,309.11,99.56,115.68,2024-01-16 02:00:00,2026-08-13T19:21:33.493+05:30,order_items.csv,ERP,batch_01
ITM-001101,ORD-00447,PROD-0024,3,402.36,180.96,82.09,2024-01-16 02:00:00,2026-08-13T19:21:33.493+05:30,order_items.csv,ERP,batch_01
ITM-001102,ORD-00448,PROD-0056,3,480.47,174.32,101.37,2024-01-27 22:00:00,2026-08-13T19:21:33.493+05:30,order_items.csv,ERP,batch_01
ITM-001103,ORD-00448,PROD-0056,4,480.47,209.07,137.02,2024-01-27 22:00:00,2026-08-13T19:21:33.493+05:30,order_items.csv,ERP,batch_01
ITM-001104,ORD-00448,PROD-0039,1,379.98,49.53,26.44,2024-01-27 22:00:00,2026-08-13T19:21:33.493+05:30,order_items.csv,ERP,batch_01
ITM-001105,ORD-00449,PROD-0043,2,229.48,0.22,36.7,2024-02-11 07:00:00,2026-08-13T19:21:33.493+05:30,order_items.csv,ERP,batch_01
ITM-001106,ORD-00449,PROD-0041,3,308.67,2.31,73.9,2024-02-11 07:00:00,2026-08-13T19:21:33.493+05:30,order_items.csv,ERP,batch_01
ITM-001107,ORD-00449,PROD-0024,1,402.36,58.52,27.51,2024-02-11 07:00:00,2026-08-13T19:21:33.493+05:30,order_items.csv,ERP,batch_01
ITM-001108,ORD-00449,PROD-0048,3,273.24,83.36,58.91,2024-02-11 07:00:00,2026-08-13T19:21:33.493+05:30,order_items.csv,ERP,batch_01
ITM-001109,ORD-00450,PROD-0028,4,532.55,315.34,145.19,2024-02-02 22:00:00,2026-08-13T19:21:33.493+05:30,order_items.csv,ERP,batch_01
ITM-001110,ORD-00450,PROD-0019,5,101.24,14.81,39.31,2024-02-02 22:00:00,2026-08-13T19:21:33.493+05:30,order_items.csv,ERP,batch_01
ITM-001111,ORD-00450,PROD-0009,4,206.06,98.52,58.06,2024-02-02 22:00:00,2026-08-13T19:21:33.493+05:30,order_items.csv,ERP,batch_01
ITM-001112,ORD-00451,PROD-0014,2,106.8,24.13,15.16,2024-01-10 01:00:00,2026-08-13T19:21:33.493+05:30,order_items.csv,ERP,batch_01
ITM-001113,ORD-00451,PROD-0028,1,532.55,12.8,41.58,2024-01-10 01:00:00,2026-08-13T19:21:33.493+05:30,order_items.csv,ERP,batch_01
ITM-001114,ORD-00452,PROD-0043,2,229.48,63.52,31.64,2024-01-17 09:00:00,2026-08-13T19:21:33.493+05:30,order_items.csv,ERP,batch_01
ITM-001115,ORD-00453,PROD-0042,3,355.95,60.39,80.6,2024-01-08 08:00:00,2026-08-13T19:21:33.493+05:30,order_items.csv,ERP,batch_01
ITM-001116,ORD-00454,PROD-0008,3,308.14,12.16,72.98,2024-02-06 23:00:00,2026-08-13T19:21:33.493+05:30,order_items.csv,ERP,batch_01
ITM-001117,ORD-00454,PROD-0048,5,273.24,192.06,93.93,2024-02-06 23:00:00,2026-08-13T19:21:33.493+05:30,order_items.csv,ERP,batch_01
ITM-001118,ORD-00454,PROD-0008,5,308.14,84.99,116.46,2024-02-06 23:00:00,2026-08-13T19:21:33.493+05:30,order_items.csv,ERP,batch_01
ITM-001119,ORD-00455,PROD-0055,4,425.29,250.03,116.09,2024-01-02 19:00:00,2026-08-13T19:21:33.493+05:30,order_items.csv,ERP,batch_01
ITM-001120,ORD-00455,PROD-0021,3,704.47,252.82,148.85,2024-01-02 19:00:00,2026-08-13T19:21:33.493+05:30,order_items.csv,ERP,batch_01
ITM-001121,ORD-00456,PROD-0001,5,32.3,20.65,11.27,2024-02-10 04:00:00,2026-08-13T19:21:33.493+05:30,order_items.csv,ERP,batch_01
ITM-001122,ORD-00456,PROD-0053,3,573.78,216.17,120.41,2024-02-10 04:00:00,2026-08-13T19:21:33.493+05:30,order_items.csv,ERP,batch_01
ITM-001123,ORD-00456,PROD-0030,2,403.71,72.85,58.77,2024-02-10 04:00:00,2026-08-13T19:21:33.493+05:30,order_items.csv,ERP,batch_01
ITM-001124,ORD-00456,PROD-0043,1,229.48,20.61,16.71,2024-02-10 04:00:00,2026-08-13T19:21:33.493+05:30,order_items.csv,ERP,batch_01
ITM-001125,ORD-00457,PROD-0032,3,56.77,17.99,12.19,2024-01-20 08:00:00,2026-08-13T19:21:33.493+05:30,order_items.csv,ERP,batch_01
ITM-001126,ORD-00457,PROD-0052,3,502.79,34.55,117.91,2024-01-20 08:00:00,2026-08-13T19:21:33.493+05:30,order_items.csv,ERP,batch_01
ITM-001127,ORD-00458,PROD-0002,5,422.64,124.35,159.11,2024-01-14 01:00:00,2026-08-13T19:21:33.493+05:30,order_items.csv,ERP,batch_01
ITM-001128,ORD-00458,PROD-0028,4,532.55,316.44,145.1,2024-01-14 01:00:00,2026-08-13T19:21:33.493+05:30,order_items.csv,ERP,batch_01
ITM-001129,ORD-00459,PROD-0045,2,443.87,93.36,63.55,2024-01-27 12:00:00,2026-08-13T19:21:33.493+05:30,order_items.csv,ERP,batch_01
ITM-001130,ORD-00459,PROD-0007,2,59.89,5.81,9.12,2024-01-27 12:00:00,2026-08-13T19:21:33.493+05:30,order_items.csv,ERP,batch_01
ITM-001131,ORD-00459,PROD-0055,3,425.29,87.56,95.06,2024-01-27 12:00:00,2026-08-13T19:21:33.493+05:30,order_items.csv,ERP,batch_01
ITM-001132,ORD-00460,PROD-0048,1,273.24,14.85,20.67,2024-01-20 14:00:00,2026-08-13T19:21:33.493+05:30,order_items.csv,ERP,batch_01
ITM-001133,ORD-00460,PROD-0007,2,59.89,6.77,9.04,2024-01-20 14:00:00,2026-08-13T19:21:33.493+05:30,order_items.csv,ERP,batch_01
ITM-001134,ORD-00461,PROD-0004,1,787.13,115.74,53.71,2024-01-05 13:00:00,2026-08-13T19:21:33.493+05:30,order_items.csv,ERP,batch_01
ITM-001135,ORD-00461,PROD-0042,3,355.95,95.05,77.82,2024-01-05 13:00:00,2026-08-13T19:21:33.493+05:30,order_items.csv,ERP,batch_01
ITM-001136,ORD-00462,PROD-0032,3,56.77,17.58,12.22,2024-01-17 11:00:00,2026-08-13T19:21:33.493+05:30,order_items.csv,ERP,batch_01
ITM-001137,ORD-00462,PROD-0012,4,564.68,262.86,159.67,2024-01-17 11:00:00,2026-08-13T19:21:33.493+05:30,order_items.csv,ERP,batch_01
ITM-001138,ORD-00462,PROD-0051,1,470.26,54.86,33.23,2024-01-17 11:00:00,2026-08-13T19:21:33.493+05:30,order_items.csv,ERP,batch_01
ITM-001139,ORD-00462,PROD-0056,4,480.47,79.34,147.4,2024-01-17 11:00:00,2026-08-13T19:21:33.493+05:30,order_items.csv,ERP,batch_01
ITM-001140,ORD-00463,PROD-0008,4,308.14,118.59,89.12,2024-01-25 10:00:00,2026-08-13T19:21:33.493+05:30,order_items.csv,ERP,batch_01
ITM-001141,ORD-00464,PROD-0018,1,328.3,39.12,23.13,2024-01-04 04:00:00,2026-08-13T19:21:33.493+05:30,order_items.csv,ERP,batch_01
ITM-001142,ORD-00464,PROD-0031,4,469.43,84.04,143.49,2024-01-04 04:00:00,2026-08-13T19:21:33.493+05:30,order_items.csv,ERP,batch_01
ITM-001143,ORD-00464,PROD-0021,1,704.47,75.42,50.32,2024-01-04 04:00:00,2026-08-13T19:21:33.493+05:30,order_items.csv,ERP,batch_01
ITM-001144,ORD-00464,PROD-0026,1,82.97,4.9,6.25,2024-01-04 04:00:00,2026-08-13T19:21:33.493+05:30,order_items.csv,ERP,batch_01
ITM-001145,ORD-00465,PROD-0012,5,564.68,294.43,202.32,2024-02-09 03:00:00,2026-08-13T19:21:33.493+05:30,order_items.csv,ERP,batch_01
ITM-001146,ORD-00466,PROD-0037,2,603.32,118.13,87.08,2024-01-30 20:00:00,2026-08-13T19:21:33.493+05:30,order_items.csv,ERP,batch_01
ITM-001147,ORD-00466,PROD-0006,5,107.73,20.75,41.43,2024-01-30 20:00:00,2026-08-13T19:21:33.493+05:30,order_items.csv,ERP,batch_01
ITM-001148,ORD-00467,PROD-0035,2,393.28,49.91,58.93,2024-01-07 13:00:00,2026-08-13T19:21:33.493+05:30,order_items.csv,ERP,batch_01
ITM-001149,ORD-00467,PROD-0020,1,446.28,63.34,30.64,2024-01-07 13:00:00,2026-08-13T19:21:33.493+05:30,order_items.csv,ERP,batch_01
ITM-001150,ORD-00467,PROD-0043,5,229.48,76.58,85.67,2024-01-07 13:00:00,2026-08-13T19:21:33.493+05:30,order_items.csv,ERP,batch_01
ITM-001151,ORD-00468,PROD-0045,1,443.87,44.12,31.98,2024-02-04 21:00:00,2026-08-13T19:21:33.493+05:30,order_items.csv,ERP,batch_01
ITM-001152,ORD-00468,PROD-0003,2,219.21,9.32,34.33,2024-02-04 21:00:00,2026-08-13T19:21:33.493+05:30,order_items.csv,ERP,batch_01
ITM-001153,ORD-00469,PROD-0047,5,504.71,159.75,189.1,2024-01-16 04:00:00,2026-08-13T19:21:33.493+05:30,order_items.csv,ERP,batch_01
ITM-001154,ORD-00469,PROD-0036,3,428.31,50.24,98.78,2024-01-16 04:00:00,2026-08-13T19:21:33.493+05:30,order_items.csv,ERP,batch_01
ITM-001155,ORD-00470,PROD-0045,2,443.87,71.36,65.31,2024-01-28 00:00:00,2026-08-13T19:21:33.493+05:30,order_items.csv,ERP,batch_01
ITM-001156,ORD-00470,PROD-0005,3,377.85,169.24,77.14,2024-01-28 00:00:00,2026-08-13T19:21:33.493+05:30,order_items.csv,ERP,batch_01
ITM-001157,ORD-00470,PROD-0045,2,443.87,95.14,63.41,2024-01-28 00:00:00,2026-08-13T19:21:33.493+05:30,order_items.csv,ERP,batch_01
ITM-001158,ORD-00470,PROD-0037,5,603.32,273.73,219.43,2024-01-28 00:00:00,2026-08-13T19:21:33.493+05:30,order_items.csv,ERP,batch_01
ITM-001159,ORD-00471,PROD-0005,3,377.85,21.19,88.99,2024-01-22 23:00:00,2026-08-13T19:21:33.493+05:30,order_items.csv,ERP,batch_01
ITM-001160,ORD-00471,PROD-0008,5,308.14,94.01,115.74,2024-01-22 23:00:00,2026-08-13T19:21:33.493+05:30,order_items.csv,ERP,batch_01
ITM-001161,ORD-00472,PROD-0018,1,328.3,4.82,25.88,2024-01-25 20:00:00,2026-08-13T19:21:33.493+05:30,order_items.csv,ERP,batch_01
ITM-001162,ORD-00472,PROD-0015,4,150.54,85.97,41.3,2024-01-25 20:00:00,2026-08-13T19:21:33.493+05:30,order_items.csv,ERP,batch_01
ITM-001163,ORD-00473,PROD-0007,5,59.89,15.67,22.7,2024-02-05 09:00:00,2026-08-13T19:21:33.493+05:30,order_items.csv,ERP,batch_01
ITM-001164,ORD-00473,PROD-0037,3,603.32,149.74,132.82,2024-02-05 09:00:00,2026-08-13T19:21:33.493+05:30,order_items.csv,ERP,batch_01
ITM-001165,ORD-00473,PROD-0039,1,379.98,51.1,26.31,2024-02-05 09:00:00,2026-08-13T19:21:33.493+05:30,order_items.csv,ERP,batch_01
ITM-001166,ORD-00473,PROD-0011,3,664.57,283.06,136.85,2024-02-05 09:00:00,2026-08-13T19:21:33.493+05:30,order_items.csv,ERP,batch_01
ITM-001167,ORD-00474,PROD-0031,5,469.43,44.91,184.18,2024-01-25 09:00:00,2026-08-13T19:21:33.493+05:30,order_items.csv,ERP,batch_01
ITM-001168,ORD-00474,PROD-0043,2,229.48,9.82,35.93,2024-01-25 09:00:00,2026-08-13T19:21:33.493+05:30,order_items.csv,ERP,batch_01
ITM-001169,ORD-00474,PROD-0004,3,787.13,250.6,168.86,2024-01-25 09:00:00,2026-08-13T19:21:33.493+05:30,order_items.csv,ERP,batch_01
ITM-001170,ORD-00474,PROD-0046,4,168.98,18.56,52.59,2024-01-25 09:00:00,2026-08-13T19:21:33.493+05:30,order_items.csv,ERP,batch_01
ITM-001171,ORD-00475,PROD-0041,1,308.67,43.87,21.18,2024-01-19 23:00:00,2026-08-13T19:21:33.493+05:30,order_items.csv,ERP,batch_01
ITM-001172,ORD-00475,PROD-0055,1,425.29,40.49,30.78,2024-01-19 23:00:00,2026-08-13T19:21:33.493+05:30,order_items.csv,ERP,batch_01
ITM-001173,ORD-00475,PROD-0006,2,107.73,18.59,15.75,2024-01-19 23:00:00,2026-08-13T19:21:33.493+05:30,order_items.csv,ERP,batch_01
ITM-001174,ORD-00476,PROD-0032,5,56.77,29.17,20.37,2024-01-02 23:00:00,2026-08-13T19:21:33.493+05:30,order_items.csv,ERP,batch_01
ITM-001175,ORD-00476,PROD-0026,1,82.97,7.67,6.02,2024-01-02 23:00:00,2026-08-13T19:21:33.493+05:30,order_items.csv,ERP,batch_01
ITM-001176,ORD-00476,PROD-0045,5,443.87,249.57,157.58,2024-01-02 23:00:00,2026-08-13T19:21:33.493+05:30,order_items.csv,ERP,batch_01
ITM-001177,ORD-00476,PROD-0039,4,379.98,219.93,104.0,2024-01-02 23:00:00,2026-08-13T19:21:33.493+05:30,order_items.csv,ERP,batch_01
ITM-001178,ORD-00477,PROD-0028,4,532.55,121.13,160.73,2024-01-25 14:00:00,2026-08-13T19:21:33.493+05:30,order_items.csv,ERP,batch_01
ITM-001179,ORD-00478,PROD-0019,3,101.24,9.71,23.52,2024-02-05 13:00:00,2026-08-13T19:21:33.493+05:30,order_items.csv,ERP,batch_01
ITM-001180,ORD-00478,PROD-0048,5,273.24,80.66,102.84,2024-02-05 13:00:00,2026-08-13T19:21:33.493+05:30,order_items.csv,ERP,batch_01
ITM-001181,ORD-00478,PROD-0060,3,209.1,87.42,43.19,2024-02-05 13:00:00,2026-08-13T19:21:33.493+05:30,order_items.csv,ERP,batch_01
ITM-001182,ORD-00478,PROD-0042,5,355.95,220.44,124.74,2024-02-05 13:00:00,2026-08-13T19:21:33.493+05:30,order_items.csv,ERP,batch_01
ITM-001183,ORD-00479,PROD-0040,4,605.15,119.29,184.1,2024-02-11 01:00:00,2026-08-13T19:21:33.493+05:30,order_items.csv,ERP,batch_01
ITM-001184,ORD-00480,PROD-0001,1,32.3,2.09,2.42,2024-01-02 21:00:00,2026-08-13T19:21:33.493+05:30,order_items.csv,ERP,batch_01
ITM-001185,ORD-00480,PROD-0034,5,266.5,179.59,92.23,2024-01-02 21:00:00,2026-08-13T19:21:33.493+05:30,order_items.csv,ERP,batch_01
ITM-001186,ORD-00480,PROD-0059,4,65.98,0.27,21.09,2024-01-02 21:00:00,2026-08-13T19:21:33.493+05:30,order_items.csv,ERP,batch_01
ITM-001187,ORD-00481,PROD-0028,2,532.55,85.7,78.35,2024-02-01 22:00:00,2026-08-13T19:21:33.493+05:30,order_items.csv,ERP,batch_01
ITM-001188,ORD-00481,PROD-0018,1,328.3,48.72,22.37,2024-02-01 22:00:00,2026-08-13T19:21:33.493+05:30,order_items.csv,ERP,batch_01
ITM-001189,ORD-00481,PROD-0043,4,229.48,22.28,71.65,2024-02-01 22:00:00,2026-08-13T19:21:33.493+05:30,order_items.csv,ERP,batch_01
ITM-001190,ORD-00482,PROD-0019,1,101.24,2.03,7.94,2024-01-02 21:00:00,2026-08-13T19:21:33.493+05:30,order_items.csv,ERP,batch_01
ITM-001191,ORD-00482,PROD-0022,1,309.11,7.43,24.13,2024-01-02 21:00:00,2026-08-13T19:21:33.493+05:30,order_items.csv,ERP,batch_01
ITM-001192,ORD-00483,PROD-0052,2,502.79,49.01,76.53,2024-01-09 23:00:00,2026-08-13T19:21:33.493+05:30,order_items.csv,ERP,batch_01
ITM-001193,ORD-00483,PROD-0049,4,269.98,81.3,79.89,2024-01-09 23:00:00,2026-08-13T19:21:33.493+05:30,order_items.csv,ERP,batch_01
ITM-001194,ORD-00483,PROD-0060,4,209.1,16.49,65.59,2024-01-09 23:00:00,2026-08-13T19:21:33.493+05:30,order_items.csv,ERP,batch_01
ITM-001195,ORD-00483,PROD-0007,1,59.89,1.13,4.7,2024-01-09 23:00:00,2026-08-13T19:21:33.493+05:30,order_items.csv,ERP,batch_01
ITM-001196,ORD-00484,PROD-0028,5,532.55,294.54,189.46,2024-01-03 07:00:00,2026-08-13T19:21:33.493+05:30,order_items.csv,ERP,batch_01
ITM-001197,ORD-00484,PROD-0019,3,101.24,22.14,22.53,2024-01-03 07:00:00,2026-08-13T19:21:33.493+05:30,order_items.csv,ERP,batch_01
ITM-001198,ORD-00484,PROD-0016,5,666.37,76.21,260.45,2024-01-03 07:00:00,2026-08-13T19:21:33.493+05:30,order_items.csv,ERP,batch_01
ITM-001199,ORD-00485,PROD-0031,1,469.43,49.37,33.6,2024-01-09 18:00:00,2026-08-13T19:21:33.493+05:30,order_items.csv,ERP,batch_01
ITM-001200,ORD-00485,PROD-0012,2,564.68,168.14,76.9,2024-01-09 18:00:00,2026-08-13T19:21:33.493+05:30,order_items.csv,ERP,batch_01
ITM-001201,ORD-00486,PROD-0018,2,328.3,91.51,45.21,2024-01-16 13:00:00,2026-08-13T19:21:33.493+05:30,order_items.csv,ERP,batch_01
ITM-001202,ORD-00487,PROD-0045,2,443.87,29.53,68.66,2024-01-07 11:00:00,2026-08-13T19:21:33.493+05:30,order_items.csv,ERP,batch_01
ITM-001203,ORD-00487,PROD-0028,4,532.55,19.6,168.85,2024-01-07 11:00:00,2026-08-13T19:21:33.493+05:30,order_items.csv,ERP,batch_01
ITM-001204,ORD-00487,PROD-0028,1,532.55,24.31,40.66,2024-01-07 11:00:00,2026-08-13T19:21:33.493+05:30,order_items.csv,ERP,batch_01
ITM-001205,ORD-00488,PROD-0058,1,490.64,13.38,38.18,2024-01-19 21:00:00,2026-08-13T19:21:33.493+05:30,order_items.csv,ERP,batch_01
ITM-001206,ORD-00488,PROD-0001,1,32.3,3.2,2.33,2024-01-19 21:00:00,2026-08-13T19:21:33.493+05:30,order_items.csv,ERP,batch_01
ITM-001207,ORD-00488,PROD-0021,2,704.47,60.3,107.89,2024-01-19 21:00:00,2026-08-13T19:21:33.493+05:30,order_items.csv,ERP,batch_01
ITM-001208,ORD-00489,PROD-0024,3,402.36,55.11,92.16,2024-01-08 23:00:00,2026-08-13T19:21:33.493+05:30,order_items.csv,ERP,batch_01
ITM-001209,ORD-00489,PROD-0001,5,32.3,18.66,11.43,2024-01-08 23:00:00,2026-08-13T19:21:33.493+05:30,order_items.csv,ERP,batch_01
ITM-001210,ORD-00489,PROD-0024,3,402.36,134.52,85.8,2024-01-08 23:00:00,2026-08-13T19:21:33.493+05:30,order_items.csv,ERP,batch_01
ITM-001211,ORD-00489,PROD-0039,3,379.98,40.74,87.94,2024-01-08 23:00:00,2026-08-13T19:21:33.493+05:30,order_items.csv,ERP,batch_01
ITM-001212,ORD-00490,PROD-0003,5,219.21,159.2,74.95,2024-01-07 13:00:00,2026-08-13T19:21:33.493+05:30,order_items.csv,ERP,batch_01
ITM-001213,ORD-00491,PROD-0020,4,446.28,265.0,121.61,2024-01-30 13:00:00,2026-08-13T19:21:33.493+05:30,order_items.csv,ERP,batch_01
ITM-001214,ORD-00491,PROD-0013,5,702.72,379.87,250.7,2024-01-30 13:00:00,2026-08-13T19:21:33.493+05:30,order_items.csv,ERP,batch_01
ITM-001215,ORD-00491,PROD-0003,2,219.21,12.61,34.06,2024-01-30 13:00:00,2026-08-13T19:21:33.493+05:30,order_items.csv,ERP,batch_01
ITM-001216,ORD-00492,PROD-0059,4,65.98,2.68,20.9,2024-02-06 21:00:00,2026-08-13T19:21:33.493+05:30,order_items.csv,ERP,batch_01
ITM-001217,ORD-00493,PROD-0045,2,443.87,38.57,67.93,2024-02-03 10:00:00,2026-08-13T19:21:33.493+05:30,order_items.csv,ERP,batch_01
ITM-001218,ORD-00493,PROD-0004,2,787.13,174.91,111.95,2024-02-03 10:00:00,2026-08-13T19:21:33.493+05:30,order_items.csv,ERP,batch_01
ITM-001219,ORD-00493,PROD-0044,5,113.49,74.07,39.47,2024-02-03 10:00:00,2026-08-13T19:21:33.493+05:30,order_items.csv,ERP,batch_01
ITM-001220,ORD-00494,PROD-0039,3,379.98,35.38,88.36,2024-02-03 22:00:00,2026-08-13T19:21:33.493+05:30,order_items.csv,ERP,batch_01
ITM-001221,ORD-00494,PROD-0037,2,603.32,107.17,87.96,2024-02-03 22:00:00,2026-08-13T19:21:33.493+05:30,order_items.csv,ERP,batch_01
ITM-001222,ORD-00494,PROD-0033,5,339.92,65.99,130.69,2024-02-03 22:00:00,2026-08-13T19:21:33.493+05:30,order_items.csv,ERP,batch_01
ITM-001223,ORD-00494,PROD-0046,3,168.98,41.99,37.2,2024-02-03 22:00:00,2026-08-13T19:21:33.493+05:30,order_items.csv,ERP,batch_01
ITM-001224,ORD-00495,PROD-0060,2,209.1,16.96,32.1,2024-01-17 19:00:00,2026-08-13T19:21:33.493+05:30,order_items.csv,ERP,batch_01
ITM-001225,ORD-00495,PROD-0051,1,470.26,45.32,34.0,2024-01-17 19:00:00,2026-08-13T19:21:33.493+05:30,order_items.csv,ERP,batch_01
ITM-001226,ORD-00495,PROD-0016,2,666.37,106.87,98.07,2024-01-17 19:00:00,2026-08-13T19:21:33.493+05:30,order_items.csv,ERP,batch_01
ITM-001227,ORD-00496,PROD-0047,2,504.71,61.83,75.81,2024-02-09 21:00:00,2026-08-13T19:21:33.493+05:30,order_items.csv,ERP,batch_01
ITM-001228,ORD-00496,PROD-0040,3,605.15,88.4,138.16,2024-02-09 21:00:00,2026-08-13T19:21:33.493+05:30,order_items.csv,ERP,batch_01
ITM-001229,ORD-00496,PROD-0004,1,787.13,97.28,55.19,2024-02-09 21:00:00,2026-08-13T19:21:33.493+05:30,order_items.csv,ERP,batch_01
ITM-001230,ORD-00497,PROD-0047,4,504.71,286.37,138.6,2024-01-13 18:00:00,2026-08-13T19:21:33.493+05:30,order_items.csv,ERP,batch_01
ITM-001231,ORD-00498,PROD-0018,2,328.3,57.29,47.94,2024-02-06 16:00:00,2026-08-13T19:21:33.493+05:30,order_items.csv,ERP,batch_01
ITM-001232,ORD-00498,PROD-0052,4,502.79,46.95,157.14,2024-02-06 16:00:00,2026-08-13T19:21:33.493+05:30,order_items.csv,ERP,batch_01
ITM-001233,ORD-00498,PROD-0015,4,150.54,33.3,45.51,2024-02-06 16:00:00,2026-08-13T19:21:33.493+05:30,order_items.csv,ERP,batch_01
ITM-001234,ORD-00499,PROD-0013,5,702.72,258.52,260.41,2024-02-02 15:00:00,2026-08-13T19:21:33.493+05:30,order_items.csv,ERP,batch_01
ITM-001235,ORD-00499,PROD-0047,2,504.71,98.05,72.91,2024-02-02 15:00:00,2026-08-13T19:21:33.493+05:30,order_items.csv,ERP,batch_01
ITM-001236,ORD-00500,PROD-0005,2,377.85,8.17,59.8,2024-01-12 15:00:00,2026-08-13T19:21:33.493+05:30,order_items.csv,ERP,batch_01
ITM-001237,ORD-00500,PROD-0016,4,666.37,363.49,184.16,2024-01-12 15:00:00,2026-08-13T19:21:33.493+05:30,order_items.csv,ERP,batch_01
